DEBUG - 2025-09-14 00:03:32 --> Session: Class initialized using 'CodeIgniter\Session\Handlers\FileHandler' driver.
INFO - 2025-09-14 00:03:32 --> TrafficLog Debug - URL: /index.php/shop/product/PRDK005, Title: Shop -  Index.php Shop Product PRDK005, Path: /index.php/shop/product/PRDK005
DEBUG - 2025-09-14 00:05:51 --> Session: Class initialized using 'CodeIgniter\Session\Handlers\FileHandler' driver.
INFO - 2025-09-14 00:05:51 --> TrafficLog Debug - URL: /index.php/shop/product/PRDK088, Title: Shop -  Index.php Shop Product PRDK088, Path: /index.php/shop/product/PRDK088
DEBUG - 2025-09-14 00:09:54 --> Session: Class initialized using 'CodeIgniter\Session\Handlers\FileHandler' driver.
INFO - 2025-09-14 00:09:54 --> TrafficLog Debug - URL: /index.php, Title: Index.php, Path: /index.php
DEBUG - 2025-09-14 00:13:04 --> Session: Class initialized using 'CodeIgniter\Session\Handlers\FileHandler' driver.
INFO - 2025-09-14 00:13:04 --> TrafficLog Debug - URL: /index.php/, Title: Index.php, Path: /index.php/
DEBUG - 2025-09-14 00:19:20 --> Session: Class initialized using 'CodeIgniter\Session\Handlers\FileHandler' driver.
INFO - 2025-09-14 00:19:20 --> TrafficLog Debug - URL: /index.php/shop/product/PRDK072, Title: Shop -  Index.php Shop Product PRDK072, Path: /index.php/shop/product/PRDK072
DEBUG - 2025-09-14 00:22:21 --> Session: Class initialized using 'CodeIgniter\Session\Handlers\FileHandler' driver.
INFO - 2025-09-14 00:22:21 --> TrafficLog Debug - URL: /index.php/, Title: Index.php, Path: /index.php/
DEBUG - 2025-09-14 00:33:40 --> Session: Class initialized using 'CodeIgniter\Session\Handlers\FileHandler' driver.
INFO - 2025-09-14 00:33:40 --> TrafficLog Debug - URL: /index.php/shop/product/PRDK106, Title: Shop -  Index.php Shop Product PRDK106, Path: /index.php/shop/product/PRDK106
DEBUG - 2025-09-14 00:33:52 --> Session: Class initialized using 'CodeIgniter\Session\Handlers\FileHandler' driver.
INFO - 2025-09-14 00:33:52 --> TrafficLog Debug - URL: /index.php/shop/product/PRDK003, Title: Shop -  Index.php Shop Product PRDK003, Path: /index.php/shop/product/PRDK003
DEBUG - 2025-09-14 00:39:41 --> Session: Class initialized using 'CodeIgniter\Session\Handlers\FileHandler' driver.
INFO - 2025-09-14 00:39:41 --> TrafficLog Debug - URL: /index.php/shop/product/PRDK147, Title: Shop -  Index.php Shop Product PRDK147, Path: /index.php/shop/product/PRDK147
DEBUG - 2025-09-14 00:41:18 --> Session: Class initialized using 'CodeIgniter\Session\Handlers\FileHandler' driver.
INFO - 2025-09-14 00:41:18 --> TrafficLog Debug - URL: /index.php/shop, Title: Index.php Shop, Path: /index.php/shop
DEBUG - 2025-09-14 00:42:40 --> Session: Class initialized using 'CodeIgniter\Session\Handlers\FileHandler' driver.
INFO - 2025-09-14 00:42:40 --> TrafficLog Debug - URL: /index.php/shop/product/PRDK161, Title: Shop -  Index.php Shop Product PRDK161, Path: /index.php/shop/product/PRDK161
DEBUG - 2025-09-14 00:44:08 --> Session: Class initialized using 'CodeIgniter\Session\Handlers\FileHandler' driver.
INFO - 2025-09-14 00:44:08 --> TrafficLog Debug - URL: /index.php/shop/product/PRDK144, Title: Shop -  Index.php Shop Product PRDK144, Path: /index.php/shop/product/PRDK144
DEBUG - 2025-09-14 00:45:32 --> Session: Class initialized using 'CodeIgniter\Session\Handlers\FileHandler' driver.
INFO - 2025-09-14 00:45:32 --> TrafficLog Debug - URL: /index.php/shop/product/PRDK025, Title: Shop -  Index.php Shop Product PRDK025, Path: /index.php/shop/product/PRDK025
DEBUG - 2025-09-14 00:46:57 --> Session: Class initialized using 'CodeIgniter\Session\Handlers\FileHandler' driver.
INFO - 2025-09-14 00:46:57 --> TrafficLog Debug - URL: /index.php/shop/product/PRDK068, Title: Shop -  Index.php Shop Product PRDK068, Path: /index.php/shop/product/PRDK068
DEBUG - 2025-09-14 00:48:21 --> Session: Class initialized using 'CodeIgniter\Session\Handlers\FileHandler' driver.
INFO - 2025-09-14 00:48:21 --> TrafficLog Debug - URL: /index.php/shop/product/PRDK069, Title: Shop -  Index.php Shop Product PRDK069, Path: /index.php/shop/product/PRDK069
DEBUG - 2025-09-14 00:49:34 --> Session: Class initialized using 'CodeIgniter\Session\Handlers\FileHandler' driver.
INFO - 2025-09-14 00:49:34 --> TrafficLog Debug - URL: /index.php/shop/product/PRDK112, Title: Shop -  Index.php Shop Product PRDK112, Path: /index.php/shop/product/PRDK112
DEBUG - 2025-09-14 00:50:39 --> Session: Class initialized using 'CodeIgniter\Session\Handlers\FileHandler' driver.
DEBUG - 2025-09-14 00:53:01 --> Session: Class initialized using 'CodeIgniter\Session\Handlers\FileHandler' driver.
INFO - 2025-09-14 00:53:01 --> TrafficLog Debug - URL: /index.php/shop/product/PRDKCUST, Title: Shop -  Index.php Shop Product PRDKCUST, Path: /index.php/shop/product/PRDKCUST
DEBUG - 2025-09-14 00:53:40 --> Session: Class initialized using 'CodeIgniter\Session\Handlers\FileHandler' driver.
INFO - 2025-09-14 00:53:40 --> TrafficLog Debug - URL: /index.php/, Title: Index.php, Path: /index.php/
DEBUG - 2025-09-14 00:58:48 --> Session: Class initialized using 'CodeIgniter\Session\Handlers\FileHandler' driver.
INFO - 2025-09-14 00:58:48 --> TrafficLog Debug - URL: /index.php/shop/product/PRDK087, Title: Shop -  Index.php Shop Product PRDK087, Path: /index.php/shop/product/PRDK087
DEBUG - 2025-09-14 01:00:41 --> Session: Class initialized using 'CodeIgniter\Session\Handlers\FileHandler' driver.
INFO - 2025-09-14 01:00:41 --> TrafficLog Debug - URL: /index.php/shop, Title: Index.php Shop, Path: /index.php/shop
DEBUG - 2025-09-14 01:01:39 --> Session: Class initialized using 'CodeIgniter\Session\Handlers\FileHandler' driver.
INFO - 2025-09-14 01:01:39 --> TrafficLog Debug - URL: /index.php/, Title: Index.php, Path: /index.php/
DEBUG - 2025-09-14 01:02:00 --> Session: Class initialized using 'CodeIgniter\Session\Handlers\FileHandler' driver.
INFO - 2025-09-14 01:02:00 --> TrafficLog Debug - URL: /index.php/, Title: Index.php, Path: /index.php/
DEBUG - 2025-09-14 01:02:01 --> Session: Class initialized using 'CodeIgniter\Session\Handlers\FileHandler' driver.
DEBUG - 2025-09-14 01:02:14 --> Session: Class initialized using 'CodeIgniter\Session\Handlers\FileHandler' driver.
INFO - 2025-09-14 01:02:14 --> TrafficLog Debug - URL: /index.php/, Title: Index.php, Path: /index.php/
DEBUG - 2025-09-14 01:02:44 --> Session: Class initialized using 'CodeIgniter\Session\Handlers\FileHandler' driver.
INFO - 2025-09-14 01:02:44 --> TrafficLog Debug - URL: /index.php/, Title: Index.php, Path: /index.php/
DEBUG - 2025-09-14 01:03:32 --> Session: Class initialized using 'CodeIgniter\Session\Handlers\FileHandler' driver.
INFO - 2025-09-14 01:03:32 --> TrafficLog Debug - URL: /index.php/shop/product/PRDK086, Title: Shop -  Index.php Shop Product PRDK086, Path: /index.php/shop/product/PRDK086
DEBUG - 2025-09-14 01:06:02 --> Session: Class initialized using 'CodeIgniter\Session\Handlers\FileHandler' driver.
INFO - 2025-09-14 01:06:02 --> TrafficLog Debug - URL: /index.php/, Title: Index.php, Path: /index.php/
DEBUG - 2025-09-14 01:07:18 --> Session: Class initialized using 'CodeIgniter\Session\Handlers\FileHandler' driver.
INFO - 2025-09-14 01:07:18 --> TrafficLog Debug - URL: /index.php/shop/product/PRDK192, Title: Shop -  Index.php Shop Product PRDK192, Path: /index.php/shop/product/PRDK192
DEBUG - 2025-09-14 01:08:19 --> Session: Class initialized using 'CodeIgniter\Session\Handlers\FileHandler' driver.
INFO - 2025-09-14 01:08:19 --> TrafficLog Debug - URL: /index.php/dashboard, Title: Index.php Dashboard, Path: /index.php/dashboard
DEBUG - 2025-09-14 01:08:41 --> Session: Class initialized using 'CodeIgniter\Session\Handlers\FileHandler' driver.
INFO - 2025-09-14 01:08:41 --> TrafficLog Debug - URL: /index.php, Title: Index.php, Path: /index.php
DEBUG - 2025-09-14 01:11:10 --> Session: Class initialized using 'CodeIgniter\Session\Handlers\FileHandler' driver.
INFO - 2025-09-14 01:11:10 --> TrafficLog Debug - URL: /index.php/shop/product/PRDK150, Title: Shop -  Index.php Shop Product PRDK150, Path: /index.php/shop/product/PRDK150
DEBUG - 2025-09-14 01:13:37 --> Session: Class initialized using 'CodeIgniter\Session\Handlers\FileHandler' driver.
INFO - 2025-09-14 01:13:37 --> TrafficLog Debug - URL: /index.php, Title: Index.php, Path: /index.php
DEBUG - 2025-09-14 01:15:23 --> Session: Class initialized using 'CodeIgniter\Session\Handlers\FileHandler' driver.
INFO - 2025-09-14 01:15:23 --> TrafficLog Debug - URL: /index.php/shop/product/PRDK162, Title: Shop -  Index.php Shop Product PRDK162, Path: /index.php/shop/product/PRDK162
DEBUG - 2025-09-14 01:18:00 --> Session: Class initialized using 'CodeIgniter\Session\Handlers\FileHandler' driver.
INFO - 2025-09-14 01:18:00 --> TrafficLog Debug - URL: /index.php/shop, Title: Index.php Shop, Path: /index.php/shop
DEBUG - 2025-09-14 01:18:14 --> Session: Class initialized using 'CodeIgniter\Session\Handlers\FileHandler' driver.
INFO - 2025-09-14 01:18:14 --> TrafficLog Debug - URL: /index.php/, Title: Index.php, Path: /index.php/
DEBUG - 2025-09-14 01:18:46 --> Session: Class initialized using 'CodeIgniter\Session\Handlers\FileHandler' driver.
INFO - 2025-09-14 01:18:46 --> TrafficLog Debug - URL: /index.php/shop/product/PRDK066, Title: Shop -  Index.php Shop Product PRDK066, Path: /index.php/shop/product/PRDK066
DEBUG - 2025-09-14 01:19:16 --> Session: Class initialized using 'CodeIgniter\Session\Handlers\FileHandler' driver.
INFO - 2025-09-14 01:19:16 --> TrafficLog Debug - URL: /index.php/shop/product/PRDK056, Title: Shop -  Index.php Shop Product PRDK056, Path: /index.php/shop/product/PRDK056
DEBUG - 2025-09-14 01:22:32 --> Session: Class initialized using 'CodeIgniter\Session\Handlers\FileHandler' driver.
INFO - 2025-09-14 01:22:32 --> TrafficLog Debug - URL: /index.php/shop/product/PRDK065, Title: Shop -  Index.php Shop Product PRDK065, Path: /index.php/shop/product/PRDK065
DEBUG - 2025-09-14 01:26:10 --> Session: Class initialized using 'CodeIgniter\Session\Handlers\FileHandler' driver.
INFO - 2025-09-14 01:26:10 --> TrafficLog Debug - URL: /index.php/shop/product/PRDK064, Title: Shop -  Index.php Shop Product PRDK064, Path: /index.php/shop/product/PRDK064
DEBUG - 2025-09-14 01:26:22 --> Session: Class initialized using 'CodeIgniter\Session\Handlers\FileHandler' driver.
INFO - 2025-09-14 01:26:22 --> TrafficLog Debug - URL: /index.php/, Title: Index.php, Path: /index.php/
DEBUG - 2025-09-14 01:30:05 --> Session: Class initialized using 'CodeIgniter\Session\Handlers\FileHandler' driver.
INFO - 2025-09-14 01:30:05 --> TrafficLog Debug - URL: /index.php/shop/product/PRDK063, Title: Shop -  Index.php Shop Product PRDK063, Path: /index.php/shop/product/PRDK063
DEBUG - 2025-09-14 01:30:13 --> Session: Class initialized using 'CodeIgniter\Session\Handlers\FileHandler' driver.
INFO - 2025-09-14 01:30:13 --> TrafficLog Debug - URL: /index.php/shop/product/PRDK157, Title: Shop -  Index.php Shop Product PRDK157, Path: /index.php/shop/product/PRDK157
DEBUG - 2025-09-14 01:33:24 --> Session: Class initialized using 'CodeIgniter\Session\Handlers\FileHandler' driver.
INFO - 2025-09-14 01:33:24 --> TrafficLog Debug - URL: /index.php/shop/product/PRDK060, Title: Shop -  Index.php Shop Product PRDK060, Path: /index.php/shop/product/PRDK060
DEBUG - 2025-09-14 01:34:03 --> Session: Class initialized using 'CodeIgniter\Session\Handlers\FileHandler' driver.
INFO - 2025-09-14 01:34:03 --> TrafficLog Debug - URL: /index.php/shop/product/PRDK018, Title: Shop -  Index.php Shop Product PRDK018, Path: /index.php/shop/product/PRDK018
DEBUG - 2025-09-14 01:34:48 --> Session: Class initialized using 'CodeIgniter\Session\Handlers\FileHandler' driver.
INFO - 2025-09-14 01:34:48 --> TrafficLog Debug - URL: /index.php/shop/product/PRDK068, Title: Shop -  Index.php Shop Product PRDK068, Path: /index.php/shop/product/PRDK068
DEBUG - 2025-09-14 01:35:05 --> Session: Class initialized using 'CodeIgniter\Session\Handlers\FileHandler' driver.
INFO - 2025-09-14 01:35:05 --> TrafficLog Debug - URL: /index.php/, Title: Index.php, Path: /index.php/
DEBUG - 2025-09-14 01:35:09 --> Session: Class initialized using 'CodeIgniter\Session\Handlers\FileHandler' driver.
DEBUG - 2025-09-14 01:36:33 --> Session: Class initialized using 'CodeIgniter\Session\Handlers\FileHandler' driver.
DEBUG - 2025-09-14 01:37:24 --> Session: Class initialized using 'CodeIgniter\Session\Handlers\FileHandler' driver.
INFO - 2025-09-14 01:37:24 --> TrafficLog Debug - URL: /index.php/shop/product/PRDKCUST, Title: Shop -  Index.php Shop Product PRDKCUST, Path: /index.php/shop/product/PRDKCUST
DEBUG - 2025-09-14 01:37:52 --> Session: Class initialized using 'CodeIgniter\Session\Handlers\FileHandler' driver.
INFO - 2025-09-14 01:37:52 --> TrafficLog Debug - URL: /index.php/shop/product/PRDK078, Title: Shop -  Index.php Shop Product PRDK078, Path: /index.php/shop/product/PRDK078
DEBUG - 2025-09-14 01:41:22 --> Session: Class initialized using 'CodeIgniter\Session\Handlers\FileHandler' driver.
INFO - 2025-09-14 01:41:22 --> TrafficLog Debug - URL: /index.php/shop/product/PRDK117, Title: Shop -  Index.php Shop Product PRDK117, Path: /index.php/shop/product/PRDK117
DEBUG - 2025-09-14 01:44:41 --> Session: Class initialized using 'CodeIgniter\Session\Handlers\FileHandler' driver.
INFO - 2025-09-14 01:44:41 --> TrafficLog Debug - URL: /index.php/shop/product/PRDK113, Title: Shop -  Index.php Shop Product PRDK113, Path: /index.php/shop/product/PRDK113
DEBUG - 2025-09-14 01:48:04 --> Session: Class initialized using 'CodeIgniter\Session\Handlers\FileHandler' driver.
INFO - 2025-09-14 01:48:04 --> TrafficLog Debug - URL: /index.php/shop/product/PRDK096, Title: Shop -  Index.php Shop Product PRDK096, Path: /index.php/shop/product/PRDK096
DEBUG - 2025-09-14 01:51:43 --> Session: Class initialized using 'CodeIgniter\Session\Handlers\FileHandler' driver.
INFO - 2025-09-14 01:51:43 --> TrafficLog Debug - URL: /index.php/shop/product/PRDK022, Title: Shop -  Index.php Shop Product PRDK022, Path: /index.php/shop/product/PRDK022
DEBUG - 2025-09-14 01:52:17 --> Session: Class initialized using 'CodeIgniter\Session\Handlers\FileHandler' driver.
INFO - 2025-09-14 01:52:17 --> TrafficLog Debug - URL: /index.php/shop, Title: Index.php Shop, Path: /index.php/shop
DEBUG - 2025-09-14 01:53:53 --> Session: Class initialized using 'CodeIgniter\Session\Handlers\FileHandler' driver.
DEBUG - 2025-09-14 01:55:08 --> Session: Class initialized using 'CodeIgniter\Session\Handlers\FileHandler' driver.
INFO - 2025-09-14 01:55:08 --> TrafficLog Debug - URL: /index.php/shop/product/PRDK077, Title: Shop -  Index.php Shop Product PRDK077, Path: /index.php/shop/product/PRDK077
DEBUG - 2025-09-14 01:57:29 --> Session: Class initialized using 'CodeIgniter\Session\Handlers\FileHandler' driver.
INFO - 2025-09-14 01:57:29 --> TrafficLog Debug - URL: /index.php/dashboard, Title: Index.php Dashboard, Path: /index.php/dashboard
DEBUG - 2025-09-14 01:58:40 --> Session: Class initialized using 'CodeIgniter\Session\Handlers\FileHandler' driver.
INFO - 2025-09-14 01:58:40 --> TrafficLog Debug - URL: /index.php/shop/product/PRDK115, Title: Shop -  Index.php Shop Product PRDK115, Path: /index.php/shop/product/PRDK115
DEBUG - 2025-09-14 02:01:49 --> Session: Class initialized using 'CodeIgniter\Session\Handlers\FileHandler' driver.
INFO - 2025-09-14 02:01:49 --> TrafficLog Debug - URL: /index.php/dashboard, Title: Index.php Dashboard, Path: /index.php/dashboard
DEBUG - 2025-09-14 02:02:08 --> Session: Class initialized using 'CodeIgniter\Session\Handlers\FileHandler' driver.
INFO - 2025-09-14 02:02:08 --> TrafficLog Debug - URL: /index.php/shop/product/PRDK076, Title: Shop -  Index.php Shop Product PRDK076, Path: /index.php/shop/product/PRDK076
DEBUG - 2025-09-14 02:03:46 --> Session: Class initialized using 'CodeIgniter\Session\Handlers\FileHandler' driver.
INFO - 2025-09-14 02:03:46 --> TrafficLog Debug - URL: /index.php/artikel/tips-perawatan-untuk-buket-bunga-ala-kami-agar-tetap-segar-lebih-lama, Title: Index.php Artikel Tips Perawatan Untuk Buket Bunga Ala Kami Agar Tetap Segar Lebih Lama, Path: /index.php/artikel/tips-perawatan-untuk-buket-bunga-ala-kami-agar-tetap-segar-lebih-lama
DEBUG - 2025-09-14 02:05:33 --> Session: Class initialized using 'CodeIgniter\Session\Handlers\FileHandler' driver.
INFO - 2025-09-14 02:05:33 --> TrafficLog Debug - URL: /index.php/shop/product/PRDK119, Title: Shop -  Index.php Shop Product PRDK119, Path: /index.php/shop/product/PRDK119
DEBUG - 2025-09-14 02:07:45 --> Session: Class initialized using 'CodeIgniter\Session\Handlers\FileHandler' driver.
INFO - 2025-09-14 02:07:45 --> TrafficLog Debug - URL: /index.php/shop, Title: Index.php Shop, Path: /index.php/shop
DEBUG - 2025-09-14 02:08:53 --> Session: Class initialized using 'CodeIgniter\Session\Handlers\FileHandler' driver.
INFO - 2025-09-14 02:08:53 --> TrafficLog Debug - URL: /index.php/shop/product/PRDK090, Title: Shop -  Index.php Shop Product PRDK090, Path: /index.php/shop/product/PRDK090
DEBUG - 2025-09-14 02:09:10 --> Session: Class initialized using 'CodeIgniter\Session\Handlers\FileHandler' driver.
INFO - 2025-09-14 02:09:10 --> TrafficLog Debug - URL: /index.php/shop/product/PRDK093, Title: Shop -  Index.php Shop Product PRDK093, Path: /index.php/shop/product/PRDK093
DEBUG - 2025-09-14 02:12:20 --> Session: Class initialized using 'CodeIgniter\Session\Handlers\FileHandler' driver.
INFO - 2025-09-14 02:12:20 --> TrafficLog Debug - URL: /index.php/shop/product/PRDK164, Title: Shop -  Index.php Shop Product PRDK164, Path: /index.php/shop/product/PRDK164
DEBUG - 2025-09-14 02:12:54 --> Session: Class initialized using 'CodeIgniter\Session\Handlers\FileHandler' driver.
INFO - 2025-09-14 02:12:54 --> TrafficLog Debug - URL: /index.php/shop/product/PRDK038, Title: Shop -  Index.php Shop Product PRDK038, Path: /index.php/shop/product/PRDK038
DEBUG - 2025-09-14 02:14:05 --> Session: Class initialized using 'CodeIgniter\Session\Handlers\FileHandler' driver.
INFO - 2025-09-14 02:14:05 --> TrafficLog Debug - URL: /index.php/, Title: Index.php, Path: /index.php/
DEBUG - 2025-09-14 02:14:08 --> Session: Class initialized using 'CodeIgniter\Session\Handlers\FileHandler' driver.
DEBUG - 2025-09-14 02:16:03 --> Session: Class initialized using 'CodeIgniter\Session\Handlers\FileHandler' driver.
INFO - 2025-09-14 02:16:03 --> TrafficLog Debug - URL: /index.php/, Title: Index.php, Path: /index.php/
DEBUG - 2025-09-14 02:16:15 --> Session: Class initialized using 'CodeIgniter\Session\Handlers\FileHandler' driver.
INFO - 2025-09-14 02:16:15 --> TrafficLog Debug - URL: /index.php/shop/product/PRDK189, Title: Shop -  Index.php Shop Product PRDK189, Path: /index.php/shop/product/PRDK189
DEBUG - 2025-09-14 02:19:50 --> Session: Class initialized using 'CodeIgniter\Session\Handlers\FileHandler' driver.
INFO - 2025-09-14 02:19:50 --> TrafficLog Debug - URL: /index.php/shop/product/PRDK089, Title: Shop -  Index.php Shop Product PRDK089, Path: /index.php/shop/product/PRDK089
DEBUG - 2025-09-14 02:23:00 --> Session: Class initialized using 'CodeIgniter\Session\Handlers\FileHandler' driver.
INFO - 2025-09-14 02:23:00 --> TrafficLog Debug - URL: /index.php/shop/product/PRDK088, Title: Shop -  Index.php Shop Product PRDK088, Path: /index.php/shop/product/PRDK088
DEBUG - 2025-09-14 02:25:22 --> Session: Class initialized using 'CodeIgniter\Session\Handlers\FileHandler' driver.
INFO - 2025-09-14 02:25:22 --> TrafficLog Debug - URL: /index.php/shop, Title: Index.php Shop, Path: /index.php/shop
DEBUG - 2025-09-14 02:26:04 --> Session: Class initialized using 'CodeIgniter\Session\Handlers\FileHandler' driver.
INFO - 2025-09-14 02:26:04 --> TrafficLog Debug - URL: /index.php/shop/product/PRDK052, Title: Shop -  Index.php Shop Product PRDK052, Path: /index.php/shop/product/PRDK052
DEBUG - 2025-09-14 02:27:51 --> Session: Class initialized using 'CodeIgniter\Session\Handlers\FileHandler' driver.
INFO - 2025-09-14 02:27:51 --> TrafficLog Debug - URL: /index.php/shop, Title: Index.php Shop, Path: /index.php/shop
DEBUG - 2025-09-14 02:29:58 --> Session: Class initialized using 'CodeIgniter\Session\Handlers\FileHandler' driver.
INFO - 2025-09-14 02:29:58 --> TrafficLog Debug - URL: /index.php/shop/product/PRDK150, Title: Shop -  Index.php Shop Product PRDK150, Path: /index.php/shop/product/PRDK150
DEBUG - 2025-09-14 02:48:17 --> Session: Class initialized using 'CodeIgniter\Session\Handlers\FileHandler' driver.
INFO - 2025-09-14 02:48:17 --> TrafficLog Debug - URL: /index.php/shop/product/PRDK042, Title: Shop -  Index.php Shop Product PRDK042, Path: /index.php/shop/product/PRDK042
DEBUG - 2025-09-14 02:52:34 --> Session: Class initialized using 'CodeIgniter\Session\Handlers\FileHandler' driver.
INFO - 2025-09-14 02:52:34 --> TrafficLog Debug - URL: /index.php/shop/product/PRDK167, Title: Shop -  Index.php Shop Product PRDK167, Path: /index.php/shop/product/PRDK167
DEBUG - 2025-09-14 02:55:28 --> Session: Class initialized using 'CodeIgniter\Session\Handlers\FileHandler' driver.
INFO - 2025-09-14 02:55:28 --> TrafficLog Debug - URL: /index.php/shop/product/PRDK166, Title: Shop -  Index.php Shop Product PRDK166, Path: /index.php/shop/product/PRDK166
DEBUG - 2025-09-14 02:55:30 --> Session: Class initialized using 'CodeIgniter\Session\Handlers\FileHandler' driver.
INFO - 2025-09-14 02:55:30 --> TrafficLog Debug - URL: /index.php/, Title: Index.php, Path: /index.php/
DEBUG - 2025-09-14 02:57:46 --> Session: Class initialized using 'CodeIgniter\Session\Handlers\FileHandler' driver.
INFO - 2025-09-14 02:57:46 --> TrafficLog Debug - URL: /index.php/shop, Title: Index.php Shop, Path: /index.php/shop
DEBUG - 2025-09-14 02:58:43 --> Session: Class initialized using 'CodeIgniter\Session\Handlers\FileHandler' driver.
INFO - 2025-09-14 02:58:43 --> TrafficLog Debug - URL: /index.php/shop/product/PRDK070, Title: Shop -  Index.php Shop Product PRDK070, Path: /index.php/shop/product/PRDK070
DEBUG - 2025-09-14 03:01:47 --> Session: Class initialized using 'CodeIgniter\Session\Handlers\FileHandler' driver.
INFO - 2025-09-14 03:01:47 --> TrafficLog Debug - URL: /index.php/shop/product/PRDKCUST, Title: Shop -  Index.php Shop Product PRDKCUST, Path: /index.php/shop/product/PRDKCUST
DEBUG - 2025-09-14 03:03:25 --> Session: Class initialized using 'CodeIgniter\Session\Handlers\FileHandler' driver.
INFO - 2025-09-14 03:03:25 --> TrafficLog Debug - URL: /index.php/shop/product/PRDK163, Title: Shop -  Index.php Shop Product PRDK163, Path: /index.php/shop/product/PRDK163
DEBUG - 2025-09-14 03:03:32 --> Session: Class initialized using 'CodeIgniter\Session\Handlers\FileHandler' driver.
INFO - 2025-09-14 03:03:32 --> TrafficLog Debug - URL: /index.php/shop/product/PRDK163, Title: Shop -  Index.php Shop Product PRDK163, Path: /index.php/shop/product/PRDK163
DEBUG - 2025-09-14 03:04:52 --> Session: Class initialized using 'CodeIgniter\Session\Handlers\FileHandler' driver.
INFO - 2025-09-14 03:04:52 --> TrafficLog Debug - URL: /index.php/shop/product/PRDK001, Title: Shop -  Index.php Shop Product PRDK001, Path: /index.php/shop/product/PRDK001
DEBUG - 2025-09-14 03:07:32 --> Session: Class initialized using 'CodeIgniter\Session\Handlers\FileHandler' driver.
INFO - 2025-09-14 03:07:32 --> TrafficLog Debug - URL: /index.php/shop/product/PRDK195, Title: Shop -  Index.php Shop Product PRDK195, Path: /index.php/shop/product/PRDK195
DEBUG - 2025-09-14 03:08:27 --> Session: Class initialized using 'CodeIgniter\Session\Handlers\FileHandler' driver.
INFO - 2025-09-14 03:08:27 --> TrafficLog Debug - URL: /index.php/shop/product/PRDK087, Title: Shop -  Index.php Shop Product PRDK087, Path: /index.php/shop/product/PRDK087
DEBUG - 2025-09-14 03:10:23 --> Session: Class initialized using 'CodeIgniter\Session\Handlers\FileHandler' driver.
INFO - 2025-09-14 03:10:23 --> TrafficLog Debug - URL: /index.php/shop/product/PRDK160, Title: Shop -  Index.php Shop Product PRDK160, Path: /index.php/shop/product/PRDK160
DEBUG - 2025-09-14 03:11:47 --> Session: Class initialized using 'CodeIgniter\Session\Handlers\FileHandler' driver.
INFO - 2025-09-14 03:11:47 --> TrafficLog Debug - URL: /index.php/shop/product/PRDK007, Title: Shop -  Index.php Shop Product PRDK007, Path: /index.php/shop/product/PRDK007
DEBUG - 2025-09-14 03:11:51 --> Session: Class initialized using 'CodeIgniter\Session\Handlers\FileHandler' driver.
INFO - 2025-09-14 03:11:51 --> TrafficLog Debug - URL: /index.php/shop/product/PRDK066, Title: Shop -  Index.php Shop Product PRDK066, Path: /index.php/shop/product/PRDK066
DEBUG - 2025-09-14 03:12:49 --> Session: Class initialized using 'CodeIgniter\Session\Handlers\FileHandler' driver.
INFO - 2025-09-14 03:12:49 --> TrafficLog Debug - URL: /index.php/shop/product/PRDK043, Title: Shop -  Index.php Shop Product PRDK043, Path: /index.php/shop/product/PRDK043
DEBUG - 2025-09-14 03:15:25 --> Session: Class initialized using 'CodeIgniter\Session\Handlers\FileHandler' driver.
INFO - 2025-09-14 03:15:25 --> TrafficLog Debug - URL: /index.php/shop/product/PRDK109, Title: Shop -  Index.php Shop Product PRDK109, Path: /index.php/shop/product/PRDK109
DEBUG - 2025-09-14 03:17:59 --> Session: Class initialized using 'CodeIgniter\Session\Handlers\FileHandler' driver.
INFO - 2025-09-14 03:17:59 --> TrafficLog Debug - URL: /index.php/shop, Title: Index.php Shop, Path: /index.php/shop
DEBUG - 2025-09-14 03:20:46 --> Session: Class initialized using 'CodeIgniter\Session\Handlers\FileHandler' driver.
INFO - 2025-09-14 03:20:46 --> TrafficLog Debug - URL: /index.php/shop, Title: Index.php Shop, Path: /index.php/shop
DEBUG - 2025-09-14 03:23:05 --> Session: Class initialized using 'CodeIgniter\Session\Handlers\FileHandler' driver.
INFO - 2025-09-14 03:23:05 --> TrafficLog Debug - URL: /index.php/shop/product/PRDK191, Title: Shop -  Index.php Shop Product PRDK191, Path: /index.php/shop/product/PRDK191
DEBUG - 2025-09-14 03:25:26 --> Session: Class initialized using 'CodeIgniter\Session\Handlers\FileHandler' driver.
INFO - 2025-09-14 03:25:26 --> TrafficLog Debug - URL: /index.php/shop/product/PRDK161, Title: Shop -  Index.php Shop Product PRDK161, Path: /index.php/shop/product/PRDK161
DEBUG - 2025-09-14 03:27:29 --> Session: Class initialized using 'CodeIgniter\Session\Handlers\FileHandler' driver.
INFO - 2025-09-14 03:27:29 --> TrafficLog Debug - URL: /index.php/shop, Title: Index.php Shop, Path: /index.php/shop
DEBUG - 2025-09-14 03:27:43 --> Session: Class initialized using 'CodeIgniter\Session\Handlers\FileHandler' driver.
INFO - 2025-09-14 03:27:43 --> TrafficLog Debug - URL: /index.php/shop/product/PRDK014, Title: Shop -  Index.php Shop Product PRDK014, Path: /index.php/shop/product/PRDK014
DEBUG - 2025-09-14 03:27:48 --> Session: Class initialized using 'CodeIgniter\Session\Handlers\FileHandler' driver.
INFO - 2025-09-14 03:27:48 --> TrafficLog Debug - URL: /index.php/, Title: Index.php, Path: /index.php/
DEBUG - 2025-09-14 03:27:51 --> Session: Class initialized using 'CodeIgniter\Session\Handlers\FileHandler' driver.
DEBUG - 2025-09-14 03:30:19 --> Session: Class initialized using 'CodeIgniter\Session\Handlers\FileHandler' driver.
INFO - 2025-09-14 03:30:20 --> TrafficLog Debug - URL: /index.php/shop/product/PRDK113, Title: Shop -  Index.php Shop Product PRDK113, Path: /index.php/shop/product/PRDK113
DEBUG - 2025-09-14 03:32:42 --> Session: Class initialized using 'CodeIgniter\Session\Handlers\FileHandler' driver.
INFO - 2025-09-14 03:32:42 --> TrafficLog Debug - URL: /index.php/shop/product/PRDK113, Title: Shop -  Index.php Shop Product PRDK113, Path: /index.php/shop/product/PRDK113
DEBUG - 2025-09-14 03:34:47 --> Session: Class initialized using 'CodeIgniter\Session\Handlers\FileHandler' driver.
INFO - 2025-09-14 03:34:47 --> TrafficLog Debug - URL: /index.php/shop, Title: Index.php Shop, Path: /index.php/shop
DEBUG - 2025-09-14 03:37:25 --> Session: Class initialized using 'CodeIgniter\Session\Handlers\FileHandler' driver.
INFO - 2025-09-14 03:37:25 --> TrafficLog Debug - URL: /index.php/artikel, Title: Index.php Artikel, Path: /index.php/artikel
DEBUG - 2025-09-14 03:37:28 --> Session: Class initialized using 'CodeIgniter\Session\Handlers\FileHandler' driver.
INFO - 2025-09-14 03:37:28 --> TrafficLog Debug - URL: /index.php, Title: Index.php, Path: /index.php
DEBUG - 2025-09-14 03:39:55 --> Session: Class initialized using 'CodeIgniter\Session\Handlers\FileHandler' driver.
INFO - 2025-09-14 03:39:55 --> TrafficLog Debug - URL: /index.php/shop/product/PRDK020, Title: Shop -  Index.php Shop Product PRDK020, Path: /index.php/shop/product/PRDK020
DEBUG - 2025-09-14 03:41:36 --> Session: Class initialized using 'CodeIgniter\Session\Handlers\FileHandler' driver.
INFO - 2025-09-14 03:41:36 --> TrafficLog Debug - URL: /index.php/shop/product/PRDK105, Title: Shop -  Index.php Shop Product PRDK105, Path: /index.php/shop/product/PRDK105
DEBUG - 2025-09-14 03:42:18 --> Session: Class initialized using 'CodeIgniter\Session\Handlers\FileHandler' driver.
INFO - 2025-09-14 03:42:18 --> TrafficLog Debug - URL: /index.php/shop/product/PRDK049, Title: Shop -  Index.php Shop Product PRDK049, Path: /index.php/shop/product/PRDK049
DEBUG - 2025-09-14 03:44:57 --> Session: Class initialized using 'CodeIgniter\Session\Handlers\FileHandler' driver.
INFO - 2025-09-14 03:44:57 --> TrafficLog Debug - URL: /index.php/shop/product/PRDK194, Title: Shop -  Index.php Shop Product PRDK194, Path: /index.php/shop/product/PRDK194
DEBUG - 2025-09-14 03:47:24 --> Session: Class initialized using 'CodeIgniter\Session\Handlers\FileHandler' driver.
INFO - 2025-09-14 03:47:24 --> TrafficLog Debug - URL: /index.php/shop/product/PRDK027, Title: Shop -  Index.php Shop Product PRDK027, Path: /index.php/shop/product/PRDK027
DEBUG - 2025-09-14 03:47:36 --> Session: Class initialized using 'CodeIgniter\Session\Handlers\FileHandler' driver.
INFO - 2025-09-14 03:47:36 --> TrafficLog Debug - URL: /index.php/sitemap.xml, Title: Index.php Sitemap.xml, Path: /index.php/sitemap.xml
DEBUG - 2025-09-14 03:49:47 --> Session: Class initialized using 'CodeIgniter\Session\Handlers\FileHandler' driver.
INFO - 2025-09-14 03:49:47 --> TrafficLog Debug - URL: /index.php/shop/product/PRDK123, Title: Shop -  Index.php Shop Product PRDK123, Path: /index.php/shop/product/PRDK123
DEBUG - 2025-09-14 03:52:20 --> Session: Class initialized using 'CodeIgniter\Session\Handlers\FileHandler' driver.
INFO - 2025-09-14 03:52:20 --> TrafficLog Debug - URL: /index.php/shop/product/PRDK026, Title: Shop -  Index.php Shop Product PRDK026, Path: /index.php/shop/product/PRDK026
DEBUG - 2025-09-14 03:54:47 --> Session: Class initialized using 'CodeIgniter\Session\Handlers\FileHandler' driver.
INFO - 2025-09-14 03:54:47 --> TrafficLog Debug - URL: /index.php/shop/product/PRDK024, Title: Shop -  Index.php Shop Product PRDK024, Path: /index.php/shop/product/PRDK024
DEBUG - 2025-09-14 03:57:06 --> Session: Class initialized using 'CodeIgniter\Session\Handlers\FileHandler' driver.
INFO - 2025-09-14 03:57:06 --> TrafficLog Debug - URL: /index.php/, Title: Index.php, Path: /index.php/
DEBUG - 2025-09-14 03:57:35 --> Session: Class initialized using 'CodeIgniter\Session\Handlers\FileHandler' driver.
INFO - 2025-09-14 03:57:35 --> TrafficLog Debug - URL: /index.php/shop/product/PRDK175, Title: Shop -  Index.php Shop Product PRDK175, Path: /index.php/shop/product/PRDK175
DEBUG - 2025-09-14 03:57:44 --> Session: Class initialized using 'CodeIgniter\Session\Handlers\FileHandler' driver.
INFO - 2025-09-14 03:57:44 --> TrafficLog Debug - URL: /index.php/cart, Title: Index.php Cart, Path: /index.php/cart
DEBUG - 2025-09-14 03:59:52 --> Session: Class initialized using 'CodeIgniter\Session\Handlers\FileHandler' driver.
INFO - 2025-09-14 03:59:52 --> TrafficLog Debug - URL: /index.php/shop/product/PRDK142, Title: Shop -  Index.php Shop Product PRDK142, Path: /index.php/shop/product/PRDK142
DEBUG - 2025-09-14 04:02:20 --> Session: Class initialized using 'CodeIgniter\Session\Handlers\FileHandler' driver.
INFO - 2025-09-14 04:02:20 --> TrafficLog Debug - URL: /index.php/shop, Title: Index.php Shop, Path: /index.php/shop
DEBUG - 2025-09-14 04:05:13 --> Session: Class initialized using 'CodeIgniter\Session\Handlers\FileHandler' driver.
INFO - 2025-09-14 04:05:13 --> TrafficLog Debug - URL: /index.php/shop/product/PRDK067, Title: Shop -  Index.php Shop Product PRDK067, Path: /index.php/shop/product/PRDK067
DEBUG - 2025-09-14 04:06:58 --> Session: Class initialized using 'CodeIgniter\Session\Handlers\FileHandler' driver.
INFO - 2025-09-14 04:06:58 --> TrafficLog Debug - URL: /index.php/, Title: Index.php, Path: /index.php/
DEBUG - 2025-09-14 04:07:02 --> Session: Class initialized using 'CodeIgniter\Session\Handlers\FileHandler' driver.
INFO - 2025-09-14 04:07:02 --> TrafficLog Debug - URL: /index.php/shop/product/PRDK164, Title: Shop -  Index.php Shop Product PRDK164, Path: /index.php/shop/product/PRDK164
DEBUG - 2025-09-14 04:09:12 --> Session: Class initialized using 'CodeIgniter\Session\Handlers\FileHandler' driver.
INFO - 2025-09-14 04:09:12 --> TrafficLog Debug - URL: /index.php/shop/product/PRDK009, Title: Shop -  Index.php Shop Product PRDK009, Path: /index.php/shop/product/PRDK009
DEBUG - 2025-09-14 04:11:45 --> Session: Class initialized using 'CodeIgniter\Session\Handlers\FileHandler' driver.
INFO - 2025-09-14 04:11:45 --> TrafficLog Debug - URL: /index.php/shop/product/PRDK102, Title: Shop -  Index.php Shop Product PRDK102, Path: /index.php/shop/product/PRDK102
DEBUG - 2025-09-14 04:13:49 --> Session: Class initialized using 'CodeIgniter\Session\Handlers\FileHandler' driver.
INFO - 2025-09-14 04:13:49 --> TrafficLog Debug - URL: /index.php/, Title: Index.php, Path: /index.php/
DEBUG - 2025-09-14 04:13:54 --> Session: Class initialized using 'CodeIgniter\Session\Handlers\FileHandler' driver.
INFO - 2025-09-14 04:13:54 --> TrafficLog Debug - URL: /index.php, Title: Index.php, Path: /index.php
DEBUG - 2025-09-14 04:17:37 --> Session: Class initialized using 'CodeIgniter\Session\Handlers\FileHandler' driver.
INFO - 2025-09-14 04:17:37 --> TrafficLog Debug - URL: /index.php/, Title: Index.php, Path: /index.php/
DEBUG - 2025-09-14 04:19:58 --> Session: Class initialized using 'CodeIgniter\Session\Handlers\FileHandler' driver.
INFO - 2025-09-14 04:19:58 --> TrafficLog Debug - URL: /index.php/shop, Title: Index.php Shop, Path: /index.php/shop
DEBUG - 2025-09-14 04:26:11 --> Session: Class initialized using 'CodeIgniter\Session\Handlers\FileHandler' driver.
INFO - 2025-09-14 04:26:11 --> TrafficLog Debug - URL: /index.php/, Title: Index.php, Path: /index.php/
DEBUG - 2025-09-14 04:26:16 --> Session: Class initialized using 'CodeIgniter\Session\Handlers\FileHandler' driver.
DEBUG - 2025-09-14 04:26:17 --> Session: Class initialized using 'CodeIgniter\Session\Handlers\FileHandler' driver.
DEBUG - 2025-09-14 04:26:19 --> Session: Class initialized using 'CodeIgniter\Session\Handlers\FileHandler' driver.
DEBUG - 2025-09-14 04:31:24 --> Session: Class initialized using 'CodeIgniter\Session\Handlers\FileHandler' driver.
INFO - 2025-09-14 04:31:24 --> TrafficLog Debug - URL: /index.php/, Title: Index.php, Path: /index.php/
DEBUG - 2025-09-14 04:31:33 --> Session: Class initialized using 'CodeIgniter\Session\Handlers\FileHandler' driver.
DEBUG - 2025-09-14 04:31:34 --> Session: Class initialized using 'CodeIgniter\Session\Handlers\FileHandler' driver.
DEBUG - 2025-09-14 04:31:36 --> Session: Class initialized using 'CodeIgniter\Session\Handlers\FileHandler' driver.
DEBUG - 2025-09-14 04:33:54 --> Session: Class initialized using 'CodeIgniter\Session\Handlers\FileHandler' driver.
INFO - 2025-09-14 04:33:54 --> TrafficLog Debug - URL: /index.php/sitemap.xml, Title: Index.php Sitemap.xml, Path: /index.php/sitemap.xml
DEBUG - 2025-09-14 04:43:24 --> Session: Class initialized using 'CodeIgniter\Session\Handlers\FileHandler' driver.
INFO - 2025-09-14 04:43:24 --> TrafficLog Debug - URL: /index.php/shop/product/PRDK172, Title: Shop -  Index.php Shop Product PRDK172, Path: /index.php/shop/product/PRDK172
DEBUG - 2025-09-14 04:47:20 --> Session: Class initialized using 'CodeIgniter\Session\Handlers\FileHandler' driver.
INFO - 2025-09-14 04:47:20 --> TrafficLog Debug - URL: /index.php/shop/product/PRDK107, Title: Shop -  Index.php Shop Product PRDK107, Path: /index.php/shop/product/PRDK107
DEBUG - 2025-09-14 04:47:33 --> Session: Class initialized using 'CodeIgniter\Session\Handlers\FileHandler' driver.
INFO - 2025-09-14 04:47:33 --> TrafficLog Debug - URL: /index.php/, Title: Index.php, Path: /index.php/
DEBUG - 2025-09-14 04:48:56 --> Session: Class initialized using 'CodeIgniter\Session\Handlers\FileHandler' driver.
INFO - 2025-09-14 04:48:56 --> TrafficLog Debug - URL: /index.php/, Title: Index.php, Path: /index.php/
CRITICAL - 2025-09-14 04:48:56 --> ErrorException: Undefined array key "HTTP_HOST"
[Method: GET, Route: /]
in APPPATH/Controllers/BaseController.php on line 48.
 1 APPPATH/Controllers/BaseController.php(48): CodeIgniter\Debug\Exceptions->errorHandler()
 2 SYSTEMPATH/CodeIgniter.php(904): App\Controllers\BaseController->initController()
 3 SYSTEMPATH/CodeIgniter.php(498): CodeIgniter\CodeIgniter->createController()
 4 SYSTEMPATH/CodeIgniter.php(354): CodeIgniter\CodeIgniter->handleRequest()
 5 SYSTEMPATH/Boot.php(334): CodeIgniter\CodeIgniter->run()
 6 SYSTEMPATH/Boot.php(67): CodeIgniter\Boot::runCodeIgniter()
 7 FCPATH/index.php(59): CodeIgniter\Boot::bootWeb()
DEBUG - 2025-09-14 04:48:57 --> Session: Class initialized using 'CodeIgniter\Session\Handlers\FileHandler' driver.
INFO - 2025-09-14 04:48:57 --> TrafficLog Debug - URL: /index.php/, Title: Index.php, Path: /index.php/
DEBUG - 2025-09-14 04:51:26 --> Session: Class initialized using 'CodeIgniter\Session\Handlers\FileHandler' driver.
INFO - 2025-09-14 04:51:26 --> TrafficLog Debug - URL: /index.php/shop, Title: Index.php Shop, Path: /index.php/shop
DEBUG - 2025-09-14 04:55:34 --> Session: Class initialized using 'CodeIgniter\Session\Handlers\FileHandler' driver.
INFO - 2025-09-14 04:55:34 --> TrafficLog Debug - URL: /index.php/shop/product/PRDK118, Title: Shop -  Index.php Shop Product PRDK118, Path: /index.php/shop/product/PRDK118
DEBUG - 2025-09-14 04:55:44 --> Session: Class initialized using 'CodeIgniter\Session\Handlers\FileHandler' driver.
INFO - 2025-09-14 04:55:44 --> TrafficLog Debug - URL: /index.php/shop, Title: Index.php Shop, Path: /index.php/shop
DEBUG - 2025-09-14 04:56:28 --> Session: Class initialized using 'CodeIgniter\Session\Handlers\FileHandler' driver.
INFO - 2025-09-14 04:56:29 --> TrafficLog Debug - URL: /index.php/, Title: Index.php, Path: /index.php/
DEBUG - 2025-09-14 04:58:41 --> Session: Class initialized using 'CodeIgniter\Session\Handlers\FileHandler' driver.
INFO - 2025-09-14 04:58:41 --> TrafficLog Debug - URL: /index.php/shop/product/PRDK028, Title: Shop -  Index.php Shop Product PRDK028, Path: /index.php/shop/product/PRDK028
DEBUG - 2025-09-14 04:58:48 --> Session: Class initialized using 'CodeIgniter\Session\Handlers\FileHandler' driver.
INFO - 2025-09-14 04:58:48 --> TrafficLog Debug - URL: /index.php/shop/product/prdk063, Title: Shop -  Index.php Shop Product Prdk063, Path: /index.php/shop/product/prdk063
DEBUG - 2025-09-14 05:02:34 --> Session: Class initialized using 'CodeIgniter\Session\Handlers\FileHandler' driver.
INFO - 2025-09-14 05:02:34 --> TrafficLog Debug - URL: /index.php/shop/product/PRDK101, Title: Shop -  Index.php Shop Product PRDK101, Path: /index.php/shop/product/PRDK101
DEBUG - 2025-09-14 05:06:29 --> Session: Class initialized using 'CodeIgniter\Session\Handlers\FileHandler' driver.
INFO - 2025-09-14 05:06:29 --> TrafficLog Debug - URL: /index.php/shop/product/PRDK187, Title: Shop -  Index.php Shop Product PRDK187, Path: /index.php/shop/product/PRDK187
DEBUG - 2025-09-14 05:08:56 --> Session: Class initialized using 'CodeIgniter\Session\Handlers\FileHandler' driver.
INFO - 2025-09-14 05:08:56 --> TrafficLog Debug - URL: /index.php/, Title: Index.php, Path: /index.php/
DEBUG - 2025-09-14 05:10:35 --> Session: Class initialized using 'CodeIgniter\Session\Handlers\FileHandler' driver.
INFO - 2025-09-14 05:10:35 --> TrafficLog Debug - URL: /index.php/shop/product/PRDK188, Title: Shop -  Index.php Shop Product PRDK188, Path: /index.php/shop/product/PRDK188
DEBUG - 2025-09-14 05:13:17 --> Session: Class initialized using 'CodeIgniter\Session\Handlers\FileHandler' driver.
INFO - 2025-09-14 05:13:17 --> TrafficLog Debug - URL: /index.php/, Title: Index.php, Path: /index.php/
DEBUG - 2025-09-14 05:13:20 --> Session: Class initialized using 'CodeIgniter\Session\Handlers\FileHandler' driver.
DEBUG - 2025-09-14 05:13:22 --> Session: Class initialized using 'CodeIgniter\Session\Handlers\FileHandler' driver.
DEBUG - 2025-09-14 05:13:23 --> Session: Class initialized using 'CodeIgniter\Session\Handlers\FileHandler' driver.
DEBUG - 2025-09-14 05:18:06 --> Session: Class initialized using 'CodeIgniter\Session\Handlers\FileHandler' driver.
INFO - 2025-09-14 05:18:06 --> TrafficLog Debug - URL: /index.php/shop/product/PRDK050, Title: Shop -  Index.php Shop Product PRDK050, Path: /index.php/shop/product/PRDK050
DEBUG - 2025-09-14 05:21:06 --> Session: Class initialized using 'CodeIgniter\Session\Handlers\FileHandler' driver.
INFO - 2025-09-14 05:21:06 --> TrafficLog Debug - URL: /index.php/shop/product/PRDK191, Title: Shop -  Index.php Shop Product PRDK191, Path: /index.php/shop/product/PRDK191
DEBUG - 2025-09-14 05:23:09 --> Session: Class initialized using 'CodeIgniter\Session\Handlers\FileHandler' driver.
INFO - 2025-09-14 05:23:09 --> TrafficLog Debug - URL: /index.php/shop, Title: Index.php Shop, Path: /index.php/shop
DEBUG - 2025-09-14 05:25:04 --> Session: Class initialized using 'CodeIgniter\Session\Handlers\FileHandler' driver.
INFO - 2025-09-14 05:25:04 --> TrafficLog Debug - URL: /index.php/shop/product/PRDK051, Title: Shop -  Index.php Shop Product PRDK051, Path: /index.php/shop/product/PRDK051
DEBUG - 2025-09-14 05:31:45 --> Session: Class initialized using 'CodeIgniter\Session\Handlers\FileHandler' driver.
INFO - 2025-09-14 05:31:45 --> TrafficLog Debug - URL: /index.php/shop/product/PRDK094, Title: Shop -  Index.php Shop Product PRDK094, Path: /index.php/shop/product/PRDK094
DEBUG - 2025-09-14 05:38:11 --> Session: Class initialized using 'CodeIgniter\Session\Handlers\FileHandler' driver.
INFO - 2025-09-14 05:38:11 --> TrafficLog Debug - URL: /index.php/shop/product/PRDK084, Title: Shop -  Index.php Shop Product PRDK084, Path: /index.php/shop/product/PRDK084
DEBUG - 2025-09-14 05:39:44 --> Session: Class initialized using 'CodeIgniter\Session\Handlers\FileHandler' driver.
INFO - 2025-09-14 05:39:44 --> TrafficLog Debug - URL: /index.php/, Title: Index.php, Path: /index.php/
DEBUG - 2025-09-14 05:42:48 --> Session: Class initialized using 'CodeIgniter\Session\Handlers\FileHandler' driver.
INFO - 2025-09-14 05:42:48 --> TrafficLog Debug - URL: /index.php/shop/product/PRDK165, Title: Shop -  Index.php Shop Product PRDK165, Path: /index.php/shop/product/PRDK165
DEBUG - 2025-09-14 05:44:12 --> Session: Class initialized using 'CodeIgniter\Session\Handlers\FileHandler' driver.
INFO - 2025-09-14 05:44:12 --> TrafficLog Debug - URL: /index.php/shop/product/PRDK085, Title: Shop -  Index.php Shop Product PRDK085, Path: /index.php/shop/product/PRDK085
DEBUG - 2025-09-14 05:44:47 --> Session: Class initialized using 'CodeIgniter\Session\Handlers\FileHandler' driver.
INFO - 2025-09-14 05:44:47 --> TrafficLog Debug - URL: /index.php/shop/product/PRDK165, Title: Shop -  Index.php Shop Product PRDK165, Path: /index.php/shop/product/PRDK165
DEBUG - 2025-09-14 05:51:12 --> Session: Class initialized using 'CodeIgniter\Session\Handlers\FileHandler' driver.
INFO - 2025-09-14 05:51:12 --> TrafficLog Debug - URL: /index.php/shop/product/PRDK109, Title: Shop -  Index.php Shop Product PRDK109, Path: /index.php/shop/product/PRDK109
DEBUG - 2025-09-14 05:53:56 --> Session: Class initialized using 'CodeIgniter\Session\Handlers\FileHandler' driver.
INFO - 2025-09-14 05:53:56 --> TrafficLog Debug - URL: /index.php/shop, Title: Index.php Shop, Path: /index.php/shop
DEBUG - 2025-09-14 05:57:22 --> Session: Class initialized using 'CodeIgniter\Session\Handlers\FileHandler' driver.
INFO - 2025-09-14 05:57:22 --> TrafficLog Debug - URL: /index.php/shop/product/PRDK153, Title: Shop -  Index.php Shop Product PRDK153, Path: /index.php/shop/product/PRDK153
DEBUG - 2025-09-14 05:57:48 --> Session: Class initialized using 'CodeIgniter\Session\Handlers\FileHandler' driver.
INFO - 2025-09-14 05:57:48 --> TrafficLog Debug - URL: /index.php/shop, Title: Index.php Shop, Path: /index.php/shop
DEBUG - 2025-09-14 05:58:54 --> Session: Class initialized using 'CodeIgniter\Session\Handlers\FileHandler' driver.
INFO - 2025-09-14 05:58:54 --> TrafficLog Debug - URL: /index.php/shop, Title: Index.php Shop, Path: /index.php/shop
DEBUG - 2025-09-14 06:01:09 --> Session: Class initialized using 'CodeIgniter\Session\Handlers\FileHandler' driver.
INFO - 2025-09-14 06:01:09 --> TrafficLog Debug - URL: /index.php/shop/product/PRDK021, Title: Shop -  Index.php Shop Product PRDK021, Path: /index.php/shop/product/PRDK021
DEBUG - 2025-09-14 06:04:07 --> Session: Class initialized using 'CodeIgniter\Session\Handlers\FileHandler' driver.
INFO - 2025-09-14 06:04:07 --> TrafficLog Debug - URL: /index.php/shop/product/PRDK156, Title: Shop -  Index.php Shop Product PRDK156, Path: /index.php/shop/product/PRDK156
DEBUG - 2025-09-14 06:04:34 --> Session: Class initialized using 'CodeIgniter\Session\Handlers\FileHandler' driver.
INFO - 2025-09-14 06:04:34 --> TrafficLog Debug - URL: /index.php/, Title: Index.php, Path: /index.php/
DEBUG - 2025-09-14 06:04:38 --> Session: Class initialized using 'CodeIgniter\Session\Handlers\FileHandler' driver.
DEBUG - 2025-09-14 06:04:40 --> Session: Class initialized using 'CodeIgniter\Session\Handlers\FileHandler' driver.
DEBUG - 2025-09-14 06:09:33 --> Session: Class initialized using 'CodeIgniter\Session\Handlers\FileHandler' driver.
INFO - 2025-09-14 06:09:33 --> TrafficLog Debug - URL: /index.php/, Title: Index.php, Path: /index.php/
DEBUG - 2025-09-14 06:09:35 --> Session: Class initialized using 'CodeIgniter\Session\Handlers\FileHandler' driver.
INFO - 2025-09-14 06:09:35 --> TrafficLog Debug - URL: /index.php/, Title: Index.php, Path: /index.php/
DEBUG - 2025-09-14 06:10:02 --> Session: Class initialized using 'CodeIgniter\Session\Handlers\FileHandler' driver.
INFO - 2025-09-14 06:10:02 --> TrafficLog Debug - URL: /index.php/, Title: Index.php, Path: /index.php/
DEBUG - 2025-09-14 06:10:15 --> Session: Class initialized using 'CodeIgniter\Session\Handlers\FileHandler' driver.
INFO - 2025-09-14 06:10:15 --> TrafficLog Debug - URL: /index.php/, Title: Index.php, Path: /index.php/
DEBUG - 2025-09-14 06:10:17 --> Session: Class initialized using 'CodeIgniter\Session\Handlers\FileHandler' driver.
INFO - 2025-09-14 06:10:17 --> TrafficLog Debug - URL: /index.php/, Title: Index.php, Path: /index.php/
DEBUG - 2025-09-14 06:10:31 --> Session: Class initialized using 'CodeIgniter\Session\Handlers\FileHandler' driver.
INFO - 2025-09-14 06:10:31 --> TrafficLog Debug - URL: /index.php/shop, Title: Index.php Shop, Path: /index.php/shop
DEBUG - 2025-09-14 06:11:46 --> Session: Class initialized using 'CodeIgniter\Session\Handlers\FileHandler' driver.
INFO - 2025-09-14 06:11:46 --> TrafficLog Debug - URL: /index.php/, Title: Index.php, Path: /index.php/
DEBUG - 2025-09-14 06:11:59 --> Session: Class initialized using 'CodeIgniter\Session\Handlers\FileHandler' driver.
DEBUG - 2025-09-14 06:12:00 --> Session: Class initialized using 'CodeIgniter\Session\Handlers\FileHandler' driver.
DEBUG - 2025-09-14 06:12:02 --> Session: Class initialized using 'CodeIgniter\Session\Handlers\FileHandler' driver.
INFO - 2025-09-14 06:12:02 --> TrafficLog Debug - URL: /index.php/shop, Title: Index.php Shop, Path: /index.php/shop
DEBUG - 2025-09-14 06:15:17 --> Session: Class initialized using 'CodeIgniter\Session\Handlers\FileHandler' driver.
INFO - 2025-09-14 06:15:17 --> TrafficLog Debug - URL: /index.php/, Title: Index.php, Path: /index.php/
DEBUG - 2025-09-14 06:16:08 --> Session: Class initialized using 'CodeIgniter\Session\Handlers\FileHandler' driver.
INFO - 2025-09-14 06:16:08 --> TrafficLog Debug - URL: /index.php/shop/product/PRDK103, Title: Shop -  Index.php Shop Product PRDK103, Path: /index.php/shop/product/PRDK103
DEBUG - 2025-09-14 06:17:19 --> Session: Class initialized using 'CodeIgniter\Session\Handlers\FileHandler' driver.
INFO - 2025-09-14 06:17:19 --> TrafficLog Debug - URL: /index.php/shop/product/PRDK185, Title: Shop -  Index.php Shop Product PRDK185, Path: /index.php/shop/product/PRDK185
DEBUG - 2025-09-14 06:18:32 --> Session: Class initialized using 'CodeIgniter\Session\Handlers\FileHandler' driver.
INFO - 2025-09-14 06:18:32 --> TrafficLog Debug - URL: /index.php/shop, Title: Index.php Shop, Path: /index.php/shop
DEBUG - 2025-09-14 06:18:42 --> Session: Class initialized using 'CodeIgniter\Session\Handlers\FileHandler' driver.
INFO - 2025-09-14 06:18:42 --> TrafficLog Debug - URL: /index.php/, Title: Index.php, Path: /index.php/
DEBUG - 2025-09-14 06:18:45 --> Session: Class initialized using 'CodeIgniter\Session\Handlers\FileHandler' driver.
DEBUG - 2025-09-14 06:18:46 --> Session: Class initialized using 'CodeIgniter\Session\Handlers\FileHandler' driver.
DEBUG - 2025-09-14 06:18:47 --> Session: Class initialized using 'CodeIgniter\Session\Handlers\FileHandler' driver.
DEBUG - 2025-09-14 06:19:00 --> Session: Class initialized using 'CodeIgniter\Session\Handlers\FileHandler' driver.
INFO - 2025-09-14 06:19:00 --> TrafficLog Debug - URL: /index.php/, Title: Index.php, Path: /index.php/
DEBUG - 2025-09-14 06:19:34 --> Session: Class initialized using 'CodeIgniter\Session\Handlers\FileHandler' driver.
INFO - 2025-09-14 06:19:34 --> TrafficLog Debug - URL: /index.php/shop, Title: Index.php Shop, Path: /index.php/shop
DEBUG - 2025-09-14 06:20:40 --> Session: Class initialized using 'CodeIgniter\Session\Handlers\FileHandler' driver.
INFO - 2025-09-14 06:20:40 --> TrafficLog Debug - URL: /index.php/shop/product/PRDK107, Title: Shop -  Index.php Shop Product PRDK107, Path: /index.php/shop/product/PRDK107
DEBUG - 2025-09-14 06:21:43 --> Session: Class initialized using 'CodeIgniter\Session\Handlers\FileHandler' driver.
INFO - 2025-09-14 06:21:43 --> TrafficLog Debug - URL: /index.php/shop/product/PRDK169, Title: Shop -  Index.php Shop Product PRDK169, Path: /index.php/shop/product/PRDK169
DEBUG - 2025-09-14 06:23:23 --> Session: Class initialized using 'CodeIgniter\Session\Handlers\FileHandler' driver.
INFO - 2025-09-14 06:23:23 --> TrafficLog Debug - URL: /index.php/shop/product/PRDK111, Title: Shop -  Index.php Shop Product PRDK111, Path: /index.php/shop/product/PRDK111
DEBUG - 2025-09-14 06:23:49 --> Session: Class initialized using 'CodeIgniter\Session\Handlers\FileHandler' driver.
INFO - 2025-09-14 06:23:49 --> TrafficLog Debug - URL: /index.php/shop, Title: Index.php Shop, Path: /index.php/shop
DEBUG - 2025-09-14 06:24:45 --> Session: Class initialized using 'CodeIgniter\Session\Handlers\FileHandler' driver.
INFO - 2025-09-14 06:24:45 --> TrafficLog Debug - URL: /index.php/shop/product/PRDK163, Title: Shop -  Index.php Shop Product PRDK163, Path: /index.php/shop/product/PRDK163
DEBUG - 2025-09-14 06:24:56 --> Session: Class initialized using 'CodeIgniter\Session\Handlers\FileHandler' driver.
INFO - 2025-09-14 06:24:56 --> TrafficLog Debug - URL: /index.php/shop/product/PRDK091, Title: Shop -  Index.php Shop Product PRDK091, Path: /index.php/shop/product/PRDK091
DEBUG - 2025-09-14 06:25:47 --> Session: Class initialized using 'CodeIgniter\Session\Handlers\FileHandler' driver.
INFO - 2025-09-14 06:25:47 --> TrafficLog Debug - URL: /index.php/shop, Title: Index.php Shop, Path: /index.php/shop
DEBUG - 2025-09-14 06:42:23 --> Session: Class initialized using 'CodeIgniter\Session\Handlers\FileHandler' driver.
INFO - 2025-09-14 06:42:23 --> TrafficLog Debug - URL: /index.php, Title: Index.php, Path: /index.php
DEBUG - 2025-09-14 06:42:24 --> Session: Class initialized using 'CodeIgniter\Session\Handlers\FileHandler' driver.
DEBUG - 2025-09-14 06:45:24 --> Session: Class initialized using 'CodeIgniter\Session\Handlers\FileHandler' driver.
INFO - 2025-09-14 06:45:24 --> TrafficLog Debug - URL: /index.php/shop/product/PRDK053, Title: Shop -  Index.php Shop Product PRDK053, Path: /index.php/shop/product/PRDK053
DEBUG - 2025-09-14 06:46:46 --> Session: Class initialized using 'CodeIgniter\Session\Handlers\FileHandler' driver.
DEBUG - 2025-09-14 06:46:46 --> Session: Class initialized using 'CodeIgniter\Session\Handlers\FileHandler' driver.
DEBUG - 2025-09-14 06:48:36 --> Session: Class initialized using 'CodeIgniter\Session\Handlers\FileHandler' driver.
INFO - 2025-09-14 06:48:36 --> TrafficLog Debug - URL: /index.php/shop, Title: Index.php Shop, Path: /index.php/shop
DEBUG - 2025-09-14 06:53:24 --> Session: Class initialized using 'CodeIgniter\Session\Handlers\FileHandler' driver.
INFO - 2025-09-14 06:53:24 --> TrafficLog Debug - URL: /index.php/shop, Title: Index.php Shop, Path: /index.php/shop
DEBUG - 2025-09-14 07:00:36 --> Session: Class initialized using 'CodeIgniter\Session\Handlers\FileHandler' driver.
INFO - 2025-09-14 07:00:36 --> TrafficLog Debug - URL: /index.php/shop, Title: Index.php Shop, Path: /index.php/shop
DEBUG - 2025-09-14 07:04:24 --> Session: Class initialized using 'CodeIgniter\Session\Handlers\FileHandler' driver.
INFO - 2025-09-14 07:04:24 --> TrafficLog Debug - URL: /index.php/shop/product/PRDK179, Title: Shop -  Index.php Shop Product PRDK179, Path: /index.php/shop/product/PRDK179
DEBUG - 2025-09-14 07:07:53 --> Session: Class initialized using 'CodeIgniter\Session\Handlers\FileHandler' driver.
INFO - 2025-09-14 07:07:53 --> TrafficLog Debug - URL: /index.php/shop, Title: Index.php Shop, Path: /index.php/shop
DEBUG - 2025-09-14 07:08:43 --> Session: Class initialized using 'CodeIgniter\Session\Handlers\FileHandler' driver.
INFO - 2025-09-14 07:08:43 --> TrafficLog Debug - URL: /index.php/shop, Title: Index.php Shop, Path: /index.php/shop
DEBUG - 2025-09-14 07:09:59 --> Session: Class initialized using 'CodeIgniter\Session\Handlers\FileHandler' driver.
INFO - 2025-09-14 07:09:59 --> TrafficLog Debug - URL: /index.php/shop/product/PRDK015, Title: Shop -  Index.php Shop Product PRDK015, Path: /index.php/shop/product/PRDK015
DEBUG - 2025-09-14 07:10:02 --> Session: Class initialized using 'CodeIgniter\Session\Handlers\FileHandler' driver.
INFO - 2025-09-14 07:10:02 --> TrafficLog Debug - URL: /index.php/, Title: Index.php, Path: /index.php/
DEBUG - 2025-09-14 07:12:56 --> Session: Class initialized using 'CodeIgniter\Session\Handlers\FileHandler' driver.
INFO - 2025-09-14 07:12:56 --> TrafficLog Debug - URL: /index.php/shop/product/PRDK047, Title: Shop -  Index.php Shop Product PRDK047, Path: /index.php/shop/product/PRDK047
DEBUG - 2025-09-14 07:15:28 --> Session: Class initialized using 'CodeIgniter\Session\Handlers\FileHandler' driver.
INFO - 2025-09-14 07:15:28 --> TrafficLog Debug - URL: /index.php/cart, Title: Index.php Cart, Path: /index.php/cart
DEBUG - 2025-09-14 07:15:32 --> Session: Class initialized using 'CodeIgniter\Session\Handlers\FileHandler' driver.
INFO - 2025-09-14 07:15:32 --> TrafficLog Debug - URL: /index.php/shop/product/PRDK085, Title: Shop -  Index.php Shop Product PRDK085, Path: /index.php/shop/product/PRDK085
DEBUG - 2025-09-14 07:16:26 --> Session: Class initialized using 'CodeIgniter\Session\Handlers\FileHandler' driver.
INFO - 2025-09-14 07:16:26 --> TrafficLog Debug - URL: /index.php/shop, Title: Index.php Shop, Path: /index.php/shop
DEBUG - 2025-09-14 07:20:02 --> Session: Class initialized using 'CodeIgniter\Session\Handlers\FileHandler' driver.
INFO - 2025-09-14 07:20:02 --> TrafficLog Debug - URL: /index.php/checkout, Title: Index.php Checkout, Path: /index.php/checkout
DEBUG - 2025-09-14 07:21:58 --> Session: Class initialized using 'CodeIgniter\Session\Handlers\FileHandler' driver.
INFO - 2025-09-14 07:21:58 --> TrafficLog Debug - URL: /index.php/shop/product/PRDK083, Title: Shop -  Index.php Shop Product PRDK083, Path: /index.php/shop/product/PRDK083
DEBUG - 2025-09-14 07:23:20 --> Session: Class initialized using 'CodeIgniter\Session\Handlers\FileHandler' driver.
INFO - 2025-09-14 07:23:20 --> TrafficLog Debug - URL: /index.php/shop, Title: Index.php Shop, Path: /index.php/shop
DEBUG - 2025-09-14 07:26:31 --> Session: Class initialized using 'CodeIgniter\Session\Handlers\FileHandler' driver.
INFO - 2025-09-14 07:26:31 --> TrafficLog Debug - URL: /index.php/shop, Title: Index.php Shop, Path: /index.php/shop
DEBUG - 2025-09-14 07:26:57 --> Session: Class initialized using 'CodeIgniter\Session\Handlers\FileHandler' driver.
INFO - 2025-09-14 07:26:57 --> TrafficLog Debug - URL: /index.php/shop/product/PRDK018, Title: Shop -  Index.php Shop Product PRDK018, Path: /index.php/shop/product/PRDK018
DEBUG - 2025-09-14 07:28:00 --> Session: Class initialized using 'CodeIgniter\Session\Handlers\FileHandler' driver.
INFO - 2025-09-14 07:28:00 --> TrafficLog Debug - URL: /index.php/shop/product/PRDK164, Title: Shop -  Index.php Shop Product PRDK164, Path: /index.php/shop/product/PRDK164
DEBUG - 2025-09-14 07:30:43 --> Session: Class initialized using 'CodeIgniter\Session\Handlers\FileHandler' driver.
INFO - 2025-09-14 07:30:43 --> TrafficLog Debug - URL: /index.php/shop/product/PRDK107, Title: Shop -  Index.php Shop Product PRDK107, Path: /index.php/shop/product/PRDK107
DEBUG - 2025-09-14 07:34:34 --> Session: Class initialized using 'CodeIgniter\Session\Handlers\FileHandler' driver.
INFO - 2025-09-14 07:34:34 --> TrafficLog Debug - URL: /index.php/shop/product/PRDK097, Title: Shop -  Index.php Shop Product PRDK097, Path: /index.php/shop/product/PRDK097
DEBUG - 2025-09-14 07:38:00 --> Session: Class initialized using 'CodeIgniter\Session\Handlers\FileHandler' driver.
INFO - 2025-09-14 07:38:00 --> TrafficLog Debug - URL: /index.php/shop/product/PRDK160, Title: Shop -  Index.php Shop Product PRDK160, Path: /index.php/shop/product/PRDK160
DEBUG - 2025-09-14 07:39:45 --> Session: Class initialized using 'CodeIgniter\Session\Handlers\FileHandler' driver.
INFO - 2025-09-14 07:39:45 --> TrafficLog Debug - URL: /index.php/, Title: Index.php, Path: /index.php/
DEBUG - 2025-09-14 07:41:21 --> Session: Class initialized using 'CodeIgniter\Session\Handlers\FileHandler' driver.
INFO - 2025-09-14 07:41:21 --> TrafficLog Debug - URL: /index.php/shop/product/PRDK075, Title: Shop -  Index.php Shop Product PRDK075, Path: /index.php/shop/product/PRDK075
DEBUG - 2025-09-14 07:42:43 --> Session: Class initialized using 'CodeIgniter\Session\Handlers\FileHandler' driver.
INFO - 2025-09-14 07:42:43 --> TrafficLog Debug - URL: /index.php/shop/product/PRDK164, Title: Shop -  Index.php Shop Product PRDK164, Path: /index.php/shop/product/PRDK164
DEBUG - 2025-09-14 07:43:20 --> Session: Class initialized using 'CodeIgniter\Session\Handlers\FileHandler' driver.
INFO - 2025-09-14 07:43:20 --> TrafficLog Debug - URL: /index.php/, Title: Index.php, Path: /index.php/
DEBUG - 2025-09-14 07:44:55 --> Session: Class initialized using 'CodeIgniter\Session\Handlers\FileHandler' driver.
INFO - 2025-09-14 07:44:55 --> TrafficLog Debug - URL: /index.php/artikel/fun-fact-fresh-flower-yang-jarang-diketahui-orang-no-5-kamu-gak-bakal-nyangka, Title: Index.php Artikel Fun Fact Fresh Flower Yang Jarang Diketahui Orang No 5 Kamu Gak Bakal Nyangka, Path: /index.php/artikel/fun-fact-fresh-flower-yang-jarang-diketahui-orang-no-5-kamu-gak-bakal-nyangka
DEBUG - 2025-09-14 07:46:06 --> Session: Class initialized using 'CodeIgniter\Session\Handlers\FileHandler' driver.
INFO - 2025-09-14 07:46:06 --> TrafficLog Debug - URL: /index.php/shop/product/PRDK076, Title: Shop -  Index.php Shop Product PRDK076, Path: /index.php/shop/product/PRDK076
DEBUG - 2025-09-14 07:47:18 --> Session: Class initialized using 'CodeIgniter\Session\Handlers\FileHandler' driver.
INFO - 2025-09-14 07:47:18 --> TrafficLog Debug - URL: /index.php/shop/product/PRDK035, Title: Shop -  Index.php Shop Product PRDK035, Path: /index.php/shop/product/PRDK035
DEBUG - 2025-09-14 07:47:51 --> Session: Class initialized using 'CodeIgniter\Session\Handlers\FileHandler' driver.
INFO - 2025-09-14 07:47:51 --> TrafficLog Debug - URL: /index.php/shop, Title: Index.php Shop, Path: /index.php/shop
DEBUG - 2025-09-14 07:48:48 --> Session: Class initialized using 'CodeIgniter\Session\Handlers\FileHandler' driver.
INFO - 2025-09-14 07:48:48 --> TrafficLog Debug - URL: /index.php/shop/product/PRDK098, Title: Shop -  Index.php Shop Product PRDK098, Path: /index.php/shop/product/PRDK098
DEBUG - 2025-09-14 07:48:50 --> Session: Class initialized using 'CodeIgniter\Session\Handlers\FileHandler' driver.
INFO - 2025-09-14 07:48:50 --> TrafficLog Debug - URL: /index.php/shop, Title: Index.php Shop, Path: /index.php/shop
DEBUG - 2025-09-14 07:52:30 --> Session: Class initialized using 'CodeIgniter\Session\Handlers\FileHandler' driver.
INFO - 2025-09-14 07:52:30 --> TrafficLog Debug - URL: /index.php/shop, Title: Index.php Shop, Path: /index.php/shop
DEBUG - 2025-09-14 07:53:05 --> Session: Class initialized using 'CodeIgniter\Session\Handlers\FileHandler' driver.
INFO - 2025-09-14 07:53:05 --> TrafficLog Debug - URL: /index.php/, Title: Index.php, Path: /index.php/
DEBUG - 2025-09-14 07:53:10 --> Session: Class initialized using 'CodeIgniter\Session\Handlers\FileHandler' driver.
INFO - 2025-09-14 07:53:10 --> TrafficLog Debug - URL: /index.php, Title: Index.php, Path: /index.php
DEBUG - 2025-09-14 07:55:58 --> Session: Class initialized using 'CodeIgniter\Session\Handlers\FileHandler' driver.
INFO - 2025-09-14 07:55:58 --> TrafficLog Debug - URL: /index.php/shop, Title: Index.php Shop, Path: /index.php/shop
DEBUG - 2025-09-14 07:57:57 --> Session: Class initialized using 'CodeIgniter\Session\Handlers\FileHandler' driver.
INFO - 2025-09-14 07:57:57 --> TrafficLog Debug - URL: /index.php/, Title: Index.php, Path: /index.php/
DEBUG - 2025-09-14 07:59:27 --> Session: Class initialized using 'CodeIgniter\Session\Handlers\FileHandler' driver.
INFO - 2025-09-14 07:59:27 --> TrafficLog Debug - URL: /index.php/shop/product/PRDK021, Title: Shop -  Index.php Shop Product PRDK021, Path: /index.php/shop/product/PRDK021
DEBUG - 2025-09-14 08:00:39 --> Session: Class initialized using 'CodeIgniter\Session\Handlers\FileHandler' driver.
INFO - 2025-09-14 08:00:39 --> TrafficLog Debug - URL: /index.php/shop/product/PRDK179, Title: Shop -  Index.php Shop Product PRDK179, Path: /index.php/shop/product/PRDK179
DEBUG - 2025-09-14 08:03:05 --> Session: Class initialized using 'CodeIgniter\Session\Handlers\FileHandler' driver.
INFO - 2025-09-14 08:03:05 --> TrafficLog Debug - URL: /index.php/shop/product/PRDK057, Title: Shop -  Index.php Shop Product PRDK057, Path: /index.php/shop/product/PRDK057
DEBUG - 2025-09-14 08:06:24 --> Session: Class initialized using 'CodeIgniter\Session\Handlers\FileHandler' driver.
INFO - 2025-09-14 08:06:24 --> TrafficLog Debug - URL: /index.php/shop/product/PRDK111, Title: Shop -  Index.php Shop Product PRDK111, Path: /index.php/shop/product/PRDK111
DEBUG - 2025-09-14 08:09:46 --> Session: Class initialized using 'CodeIgniter\Session\Handlers\FileHandler' driver.
INFO - 2025-09-14 08:09:46 --> TrafficLog Debug - URL: /index.php/shop/product/PRDK022, Title: Shop -  Index.php Shop Product PRDK022, Path: /index.php/shop/product/PRDK022
DEBUG - 2025-09-14 08:13:33 --> Session: Class initialized using 'CodeIgniter\Session\Handlers\FileHandler' driver.
INFO - 2025-09-14 08:13:33 --> TrafficLog Debug - URL: /index.php/shop/product/PRDK155, Title: Shop -  Index.php Shop Product PRDK155, Path: /index.php/shop/product/PRDK155
DEBUG - 2025-09-14 08:16:38 --> Session: Class initialized using 'CodeIgniter\Session\Handlers\FileHandler' driver.
INFO - 2025-09-14 08:16:38 --> TrafficLog Debug - URL: /index.php/shop, Title: Index.php Shop, Path: /index.php/shop
DEBUG - 2025-09-14 08:17:00 --> Session: Class initialized using 'CodeIgniter\Session\Handlers\FileHandler' driver.
INFO - 2025-09-14 08:17:00 --> TrafficLog Debug - URL: /index.php/shop/product/PRDK023, Title: Shop -  Index.php Shop Product PRDK023, Path: /index.php/shop/product/PRDK023
DEBUG - 2025-09-14 08:17:59 --> Session: Class initialized using 'CodeIgniter\Session\Handlers\FileHandler' driver.
INFO - 2025-09-14 08:17:59 --> TrafficLog Debug - URL: /index.php/, Title: Index.php, Path: /index.php/
DEBUG - 2025-09-14 08:18:07 --> Session: Class initialized using 'CodeIgniter\Session\Handlers\FileHandler' driver.
INFO - 2025-09-14 08:18:07 --> TrafficLog Debug - URL: /index.php/shop, Title: Index.php Shop, Path: /index.php/shop
DEBUG - 2025-09-14 08:20:16 --> Session: Class initialized using 'CodeIgniter\Session\Handlers\FileHandler' driver.
INFO - 2025-09-14 08:20:16 --> TrafficLog Debug - URL: /index.php/shop/product/PRDK039, Title: Shop -  Index.php Shop Product PRDK039, Path: /index.php/shop/product/PRDK039
DEBUG - 2025-09-14 08:23:34 --> Session: Class initialized using 'CodeIgniter\Session\Handlers\FileHandler' driver.
INFO - 2025-09-14 08:23:34 --> TrafficLog Debug - URL: /index.php/shop/product/PRDK154, Title: Shop -  Index.php Shop Product PRDK154, Path: /index.php/shop/product/PRDK154
DEBUG - 2025-09-14 08:25:37 --> Session: Class initialized using 'CodeIgniter\Session\Handlers\FileHandler' driver.
INFO - 2025-09-14 08:25:37 --> TrafficLog Debug - URL: /index.php/, Title: Index.php, Path: /index.php/
DEBUG - 2025-09-14 08:26:40 --> Session: Class initialized using 'CodeIgniter\Session\Handlers\FileHandler' driver.
INFO - 2025-09-14 08:26:40 --> TrafficLog Debug - URL: /index.php/shop/product/PRDK156, Title: Shop -  Index.php Shop Product PRDK156, Path: /index.php/shop/product/PRDK156
DEBUG - 2025-09-14 08:29:50 --> Session: Class initialized using 'CodeIgniter\Session\Handlers\FileHandler' driver.
INFO - 2025-09-14 08:29:50 --> TrafficLog Debug - URL: /index.php/, Title: Index.php, Path: /index.php/
DEBUG - 2025-09-14 08:30:14 --> Session: Class initialized using 'CodeIgniter\Session\Handlers\FileHandler' driver.
INFO - 2025-09-14 08:30:14 --> TrafficLog Debug - URL: /index.php/shop/product/PRDK157, Title: Shop -  Index.php Shop Product PRDK157, Path: /index.php/shop/product/PRDK157
DEBUG - 2025-09-14 08:31:31 --> Session: Class initialized using 'CodeIgniter\Session\Handlers\FileHandler' driver.
INFO - 2025-09-14 08:31:31 --> TrafficLog Debug - URL: /index.php, Title: Index.php, Path: /index.php
DEBUG - 2025-09-14 08:31:33 --> Session: Class initialized using 'CodeIgniter\Session\Handlers\FileHandler' driver.
DEBUG - 2025-09-14 08:31:34 --> Session: Class initialized using 'CodeIgniter\Session\Handlers\FileHandler' driver.
DEBUG - 2025-09-14 08:31:35 --> Session: Class initialized using 'CodeIgniter\Session\Handlers\FileHandler' driver.
DEBUG - 2025-09-14 08:31:35 --> Session: Class initialized using 'CodeIgniter\Session\Handlers\FileHandler' driver.
DEBUG - 2025-09-14 08:31:36 --> Session: Class initialized using 'CodeIgniter\Session\Handlers\FileHandler' driver.
DEBUG - 2025-09-14 08:31:36 --> Session: Class initialized using 'CodeIgniter\Session\Handlers\FileHandler' driver.
DEBUG - 2025-09-14 08:31:38 --> Session: Class initialized using 'CodeIgniter\Session\Handlers\FileHandler' driver.
DEBUG - 2025-09-14 08:31:38 --> Session: Class initialized using 'CodeIgniter\Session\Handlers\FileHandler' driver.
DEBUG - 2025-09-14 08:31:39 --> Session: Class initialized using 'CodeIgniter\Session\Handlers\FileHandler' driver.
DEBUG - 2025-09-14 08:31:39 --> Session: Class initialized using 'CodeIgniter\Session\Handlers\FileHandler' driver.
DEBUG - 2025-09-14 08:31:40 --> Session: Class initialized using 'CodeIgniter\Session\Handlers\FileHandler' driver.
DEBUG - 2025-09-14 08:31:41 --> Session: Class initialized using 'CodeIgniter\Session\Handlers\FileHandler' driver.
DEBUG - 2025-09-14 08:31:42 --> Session: Class initialized using 'CodeIgniter\Session\Handlers\FileHandler' driver.
DEBUG - 2025-09-14 08:31:43 --> Session: Class initialized using 'CodeIgniter\Session\Handlers\FileHandler' driver.
DEBUG - 2025-09-14 08:31:43 --> Session: Class initialized using 'CodeIgniter\Session\Handlers\FileHandler' driver.
DEBUG - 2025-09-14 08:31:44 --> Session: Class initialized using 'CodeIgniter\Session\Handlers\FileHandler' driver.
DEBUG - 2025-09-14 08:31:54 --> Session: Class initialized using 'CodeIgniter\Session\Handlers\FileHandler' driver.
DEBUG - 2025-09-14 08:31:57 --> Session: Class initialized using 'CodeIgniter\Session\Handlers\FileHandler' driver.
DEBUG - 2025-09-14 08:31:58 --> Session: Class initialized using 'CodeIgniter\Session\Handlers\FileHandler' driver.
DEBUG - 2025-09-14 08:33:36 --> Session: Class initialized using 'CodeIgniter\Session\Handlers\FileHandler' driver.
INFO - 2025-09-14 08:33:36 --> TrafficLog Debug - URL: /index.php/shop/product/PRDK124, Title: Shop -  Index.php Shop Product PRDK124, Path: /index.php/shop/product/PRDK124
DEBUG - 2025-09-14 08:37:06 --> Session: Class initialized using 'CodeIgniter\Session\Handlers\FileHandler' driver.
INFO - 2025-09-14 08:37:06 --> TrafficLog Debug - URL: /index.php/shop/product/PRDK163, Title: Shop -  Index.php Shop Product PRDK163, Path: /index.php/shop/product/PRDK163
DEBUG - 2025-09-14 08:40:17 --> Session: Class initialized using 'CodeIgniter\Session\Handlers\FileHandler' driver.
INFO - 2025-09-14 08:40:17 --> TrafficLog Debug - URL: /index.php/shop/product/PRDK152, Title: Shop -  Index.php Shop Product PRDK152, Path: /index.php/shop/product/PRDK152
DEBUG - 2025-09-14 08:41:17 --> Session: Class initialized using 'CodeIgniter\Session\Handlers\FileHandler' driver.
INFO - 2025-09-14 08:41:17 --> TrafficLog Debug - URL: /index.php/, Title: Index.php, Path: /index.php/
DEBUG - 2025-09-14 08:43:24 --> Session: Class initialized using 'CodeIgniter\Session\Handlers\FileHandler' driver.
INFO - 2025-09-14 08:43:24 --> TrafficLog Debug - URL: /index.php/shop/product/PRDK060, Title: Shop -  Index.php Shop Product PRDK060, Path: /index.php/shop/product/PRDK060
DEBUG - 2025-09-14 08:47:07 --> Session: Class initialized using 'CodeIgniter\Session\Handlers\FileHandler' driver.
INFO - 2025-09-14 08:47:07 --> TrafficLog Debug - URL: /index.php/shop/product/PRDK155, Title: Shop -  Index.php Shop Product PRDK155, Path: /index.php/shop/product/PRDK155
DEBUG - 2025-09-14 08:47:30 --> Session: Class initialized using 'CodeIgniter\Session\Handlers\FileHandler' driver.
INFO - 2025-09-14 08:47:30 --> TrafficLog Debug - URL: /index.php/shop, Title: Index.php Shop, Path: /index.php/shop
DEBUG - 2025-09-14 08:54:23 --> Session: Class initialized using 'CodeIgniter\Session\Handlers\FileHandler' driver.
INFO - 2025-09-14 08:54:23 --> TrafficLog Debug - URL: /index.php/shop, Title: Index.php Shop, Path: /index.php/shop
DEBUG - 2025-09-14 08:57:24 --> Session: Class initialized using 'CodeIgniter\Session\Handlers\FileHandler' driver.
INFO - 2025-09-14 08:57:24 --> TrafficLog Debug - URL: /index.php/shop, Title: Index.php Shop, Path: /index.php/shop
DEBUG - 2025-09-14 08:57:48 --> Session: Class initialized using 'CodeIgniter\Session\Handlers\FileHandler' driver.
INFO - 2025-09-14 08:57:48 --> TrafficLog Debug - URL: /index.php/shop/product/PRDK126, Title: Shop -  Index.php Shop Product PRDK126, Path: /index.php/shop/product/PRDK126
DEBUG - 2025-09-14 09:02:58 --> Session: Class initialized using 'CodeIgniter\Session\Handlers\FileHandler' driver.
INFO - 2025-09-14 09:02:58 --> TrafficLog Debug - URL: /index.php/shop/product/PRDK046, Title: Shop -  Index.php Shop Product PRDK046, Path: /index.php/shop/product/PRDK046
DEBUG - 2025-09-14 09:07:06 --> Session: Class initialized using 'CodeIgniter\Session\Handlers\FileHandler' driver.
INFO - 2025-09-14 09:07:06 --> TrafficLog Debug - URL: /index.php/shop/product/PRDK158, Title: Shop -  Index.php Shop Product PRDK158, Path: /index.php/shop/product/PRDK158
DEBUG - 2025-09-14 09:11:41 --> Session: Class initialized using 'CodeIgniter\Session\Handlers\FileHandler' driver.
INFO - 2025-09-14 09:11:41 --> TrafficLog Debug - URL: /index.php/shop/product/PRDK157, Title: Shop -  Index.php Shop Product PRDK157, Path: /index.php/shop/product/PRDK157
DEBUG - 2025-09-14 09:16:29 --> Session: Class initialized using 'CodeIgniter\Session\Handlers\FileHandler' driver.
INFO - 2025-09-14 09:16:29 --> TrafficLog Debug - URL: /index.php/shop/product/PRDK105, Title: Shop -  Index.php Shop Product PRDK105, Path: /index.php/shop/product/PRDK105
DEBUG - 2025-09-14 09:18:49 --> Session: Class initialized using 'CodeIgniter\Session\Handlers\FileHandler' driver.
INFO - 2025-09-14 09:18:49 --> TrafficLog Debug - URL: /index.php/shop, Title: Index.php Shop, Path: /index.php/shop
DEBUG - 2025-09-14 09:19:10 --> Session: Class initialized using 'CodeIgniter\Session\Handlers\FileHandler' driver.
INFO - 2025-09-14 09:19:10 --> TrafficLog Debug - URL: /index.php/shop/product/prdk071, Title: Shop -  Index.php Shop Product Prdk071, Path: /index.php/shop/product/prdk071
DEBUG - 2025-09-14 09:20:58 --> Session: Class initialized using 'CodeIgniter\Session\Handlers\FileHandler' driver.
INFO - 2025-09-14 09:20:58 --> TrafficLog Debug - URL: /index.php/shop/product/PRDK085, Title: Shop -  Index.php Shop Product PRDK085, Path: /index.php/shop/product/PRDK085
DEBUG - 2025-09-14 09:25:04 --> Session: Class initialized using 'CodeIgniter\Session\Handlers\FileHandler' driver.
INFO - 2025-09-14 09:25:04 --> TrafficLog Debug - URL: /index.php/shop/product/PRDK084, Title: Shop -  Index.php Shop Product PRDK084, Path: /index.php/shop/product/PRDK084
DEBUG - 2025-09-14 09:28:15 --> Session: Class initialized using 'CodeIgniter\Session\Handlers\FileHandler' driver.
INFO - 2025-09-14 09:28:15 --> TrafficLog Debug - URL: /index.php/shop/product/PRDK079, Title: Shop -  Index.php Shop Product PRDK079, Path: /index.php/shop/product/PRDK079
DEBUG - 2025-09-14 09:28:57 --> Session: Class initialized using 'CodeIgniter\Session\Handlers\FileHandler' driver.
INFO - 2025-09-14 09:28:57 --> TrafficLog Debug - URL: /index.php/shop/product/PRDK006, Title: Shop -  Index.php Shop Product PRDK006, Path: /index.php/shop/product/PRDK006
DEBUG - 2025-09-14 09:29:37 --> Session: Class initialized using 'CodeIgniter\Session\Handlers\FileHandler' driver.
INFO - 2025-09-14 09:29:37 --> TrafficLog Debug - URL: /index.php/shop/product/PRDK002, Title: Shop -  Index.php Shop Product PRDK002, Path: /index.php/shop/product/PRDK002
DEBUG - 2025-09-14 09:33:16 --> Session: Class initialized using 'CodeIgniter\Session\Handlers\FileHandler' driver.
INFO - 2025-09-14 09:33:16 --> TrafficLog Debug - URL: /index.php/shop/product/PRDK056, Title: Shop -  Index.php Shop Product PRDK056, Path: /index.php/shop/product/PRDK056
DEBUG - 2025-09-14 09:36:33 --> Session: Class initialized using 'CodeIgniter\Session\Handlers\FileHandler' driver.
INFO - 2025-09-14 09:36:33 --> TrafficLog Debug - URL: /index.php, Title: Index.php, Path: /index.php
DEBUG - 2025-09-14 09:36:33 --> Session: Class initialized using 'CodeIgniter\Session\Handlers\FileHandler' driver.
DEBUG - 2025-09-14 09:37:07 --> Session: Class initialized using 'CodeIgniter\Session\Handlers\FileHandler' driver.
INFO - 2025-09-14 09:37:07 --> TrafficLog Debug - URL: /index.php/shop/product/PRDK010, Title: Shop -  Index.php Shop Product PRDK010, Path: /index.php/shop/product/PRDK010
DEBUG - 2025-09-14 09:37:25 --> Session: Class initialized using 'CodeIgniter\Session\Handlers\FileHandler' driver.
DEBUG - 2025-09-14 09:37:31 --> Session: Class initialized using 'CodeIgniter\Session\Handlers\FileHandler' driver.
DEBUG - 2025-09-14 09:39:45 --> Session: Class initialized using 'CodeIgniter\Session\Handlers\FileHandler' driver.
INFO - 2025-09-14 09:39:45 --> TrafficLog Debug - URL: /index.php/shop/product/PRDK063, Title: Shop -  Index.php Shop Product PRDK063, Path: /index.php/shop/product/PRDK063
DEBUG - 2025-09-14 09:40:25 --> Session: Class initialized using 'CodeIgniter\Session\Handlers\FileHandler' driver.
INFO - 2025-09-14 09:40:25 --> TrafficLog Debug - URL: /index.php/shop, Title: Index.php Shop, Path: /index.php/shop
DEBUG - 2025-09-14 09:40:25 --> Session: Class initialized using 'CodeIgniter\Session\Handlers\FileHandler' driver.
DEBUG - 2025-09-14 09:40:57 --> Session: Class initialized using 'CodeIgniter\Session\Handlers\FileHandler' driver.
INFO - 2025-09-14 09:40:57 --> TrafficLog Debug - URL: /index.php/shop, Title: Index.php Shop, Path: /index.php/shop
DEBUG - 2025-09-14 09:40:58 --> Session: Class initialized using 'CodeIgniter\Session\Handlers\FileHandler' driver.
DEBUG - 2025-09-14 09:40:58 --> Session: Class initialized using 'CodeIgniter\Session\Handlers\FileHandler' driver.
DEBUG - 2025-09-14 09:41:26 --> Session: Class initialized using 'CodeIgniter\Session\Handlers\FileHandler' driver.
DEBUG - 2025-09-14 09:41:26 --> Session: Class initialized using 'CodeIgniter\Session\Handlers\FileHandler' driver.
DEBUG - 2025-09-14 09:42:12 --> Session: Class initialized using 'CodeIgniter\Session\Handlers\FileHandler' driver.
DEBUG - 2025-09-14 09:42:12 --> Session: Class initialized using 'CodeIgniter\Session\Handlers\FileHandler' driver.
DEBUG - 2025-09-14 09:45:29 --> Session: Class initialized using 'CodeIgniter\Session\Handlers\FileHandler' driver.
INFO - 2025-09-14 09:45:29 --> TrafficLog Debug - URL: /index.php/shop/product/PRDK152, Title: Shop -  Index.php Shop Product PRDK152, Path: /index.php/shop/product/PRDK152
DEBUG - 2025-09-14 09:47:26 --> Session: Class initialized using 'CodeIgniter\Session\Handlers\FileHandler' driver.
INFO - 2025-09-14 09:47:26 --> TrafficLog Debug - URL: /index.php/, Title: Index.php, Path: /index.php/
DEBUG - 2025-09-14 09:48:58 --> Session: Class initialized using 'CodeIgniter\Session\Handlers\FileHandler' driver.
INFO - 2025-09-14 09:48:58 --> TrafficLog Debug - URL: /index.php/, Title: Index.php, Path: /index.php/
DEBUG - 2025-09-14 09:49:06 --> Session: Class initialized using 'CodeIgniter\Session\Handlers\FileHandler' driver.
INFO - 2025-09-14 09:49:06 --> TrafficLog Debug - URL: /index.php/, Title: Index.php, Path: /index.php/
DEBUG - 2025-09-14 09:49:33 --> Session: Class initialized using 'CodeIgniter\Session\Handlers\FileHandler' driver.
INFO - 2025-09-14 09:49:33 --> TrafficLog Debug - URL: /index.php/shop, Title: Index.php Shop, Path: /index.php/shop
DEBUG - 2025-09-14 09:49:52 --> Session: Class initialized using 'CodeIgniter\Session\Handlers\FileHandler' driver.
INFO - 2025-09-14 09:49:52 --> TrafficLog Debug - URL: /index.php, Title: Index.php, Path: /index.php
DEBUG - 2025-09-14 09:49:53 --> Session: Class initialized using 'CodeIgniter\Session\Handlers\FileHandler' driver.
INFO - 2025-09-14 09:49:53 --> TrafficLog Debug - URL: /index.php, Title: Index.php, Path: /index.php
DEBUG - 2025-09-14 09:50:31 --> Session: Class initialized using 'CodeIgniter\Session\Handlers\FileHandler' driver.
INFO - 2025-09-14 09:50:31 --> TrafficLog Debug - URL: /index.php/shop, Title: Index.php Shop, Path: /index.php/shop
DEBUG - 2025-09-14 09:52:52 --> Session: Class initialized using 'CodeIgniter\Session\Handlers\FileHandler' driver.
INFO - 2025-09-14 09:52:52 --> TrafficLog Debug - URL: /index.php/shop/product/prdk162, Title: Shop -  Index.php Shop Product Prdk162, Path: /index.php/shop/product/prdk162
DEBUG - 2025-09-14 09:53:28 --> Session: Class initialized using 'CodeIgniter\Session\Handlers\FileHandler' driver.
INFO - 2025-09-14 09:53:28 --> TrafficLog Debug - URL: /index.php/shop/product/PRDK171, Title: Shop -  Index.php Shop Product PRDK171, Path: /index.php/shop/product/PRDK171
DEBUG - 2025-09-14 09:56:50 --> Session: Class initialized using 'CodeIgniter\Session\Handlers\FileHandler' driver.
INFO - 2025-09-14 09:56:50 --> TrafficLog Debug - URL: /index.php/shop/product/PRDK165, Title: Shop -  Index.php Shop Product PRDK165, Path: /index.php/shop/product/PRDK165
DEBUG - 2025-09-14 10:00:23 --> Session: Class initialized using 'CodeIgniter\Session\Handlers\FileHandler' driver.
INFO - 2025-09-14 10:00:23 --> TrafficLog Debug - URL: /index.php/shop, Title: Index.php Shop, Path: /index.php/shop
DEBUG - 2025-09-14 10:00:27 --> Session: Class initialized using 'CodeIgniter\Session\Handlers\FileHandler' driver.
INFO - 2025-09-14 10:00:27 --> TrafficLog Debug - URL: /index.php/, Title: Index.php, Path: /index.php/
DEBUG - 2025-09-14 10:01:04 --> Session: Class initialized using 'CodeIgniter\Session\Handlers\FileHandler' driver.
INFO - 2025-09-14 10:01:04 --> TrafficLog Debug - URL: /index.php/shop/product/PRDK019, Title: Shop -  Index.php Shop Product PRDK019, Path: /index.php/shop/product/PRDK019
DEBUG - 2025-09-14 10:05:08 --> Session: Class initialized using 'CodeIgniter\Session\Handlers\FileHandler' driver.
INFO - 2025-09-14 10:05:08 --> TrafficLog Debug - URL: /index.php/shop/product/PRDK015, Title: Shop -  Index.php Shop Product PRDK015, Path: /index.php/shop/product/PRDK015
DEBUG - 2025-09-14 10:08:58 --> Session: Class initialized using 'CodeIgniter\Session\Handlers\FileHandler' driver.
INFO - 2025-09-14 10:08:58 --> TrafficLog Debug - URL: /index.php/shop/product/PRDK164, Title: Shop -  Index.php Shop Product PRDK164, Path: /index.php/shop/product/PRDK164
DEBUG - 2025-09-14 10:09:05 --> Session: Class initialized using 'CodeIgniter\Session\Handlers\FileHandler' driver.
INFO - 2025-09-14 10:09:05 --> TrafficLog Debug - URL: /index.php/shop, Title: Index.php Shop, Path: /index.php/shop
DEBUG - 2025-09-14 10:12:53 --> Session: Class initialized using 'CodeIgniter\Session\Handlers\FileHandler' driver.
INFO - 2025-09-14 10:12:53 --> TrafficLog Debug - URL: /index.php/shop/product/PRDK083, Title: Shop -  Index.php Shop Product PRDK083, Path: /index.php/shop/product/PRDK083
DEBUG - 2025-09-14 10:16:17 --> Session: Class initialized using 'CodeIgniter\Session\Handlers\FileHandler' driver.
INFO - 2025-09-14 10:16:17 --> TrafficLog Debug - URL: /index.php/shop/product/PRDK094, Title: Shop -  Index.php Shop Product PRDK094, Path: /index.php/shop/product/PRDK094
DEBUG - 2025-09-14 10:16:23 --> Session: Class initialized using 'CodeIgniter\Session\Handlers\FileHandler' driver.
INFO - 2025-09-14 10:16:23 --> TrafficLog Debug - URL: /index.php/shop, Title: Index.php Shop, Path: /index.php/shop
DEBUG - 2025-09-14 10:16:33 --> Session: Class initialized using 'CodeIgniter\Session\Handlers\FileHandler' driver.
INFO - 2025-09-14 10:16:33 --> TrafficLog Debug - URL: /index.php/shop, Title: Index.php Shop, Path: /index.php/shop
DEBUG - 2025-09-14 10:17:43 --> Session: Class initialized using 'CodeIgniter\Session\Handlers\FileHandler' driver.
INFO - 2025-09-14 10:17:43 --> TrafficLog Debug - URL: /index.php/shop, Title: Index.php Shop, Path: /index.php/shop
DEBUG - 2025-09-14 10:20:46 --> Session: Class initialized using 'CodeIgniter\Session\Handlers\FileHandler' driver.
INFO - 2025-09-14 10:20:46 --> TrafficLog Debug - URL: /index.php/shop, Title: Index.php Shop, Path: /index.php/shop
DEBUG - 2025-09-14 10:20:51 --> Session: Class initialized using 'CodeIgniter\Session\Handlers\FileHandler' driver.
INFO - 2025-09-14 10:20:51 --> TrafficLog Debug - URL: /index.php/shop/product/PRDK153, Title: Shop -  Index.php Shop Product PRDK153, Path: /index.php/shop/product/PRDK153
DEBUG - 2025-09-14 10:24:21 --> Session: Class initialized using 'CodeIgniter\Session\Handlers\FileHandler' driver.
INFO - 2025-09-14 10:24:21 --> TrafficLog Debug - URL: /index.php/shop/product/PRDK185, Title: Shop -  Index.php Shop Product PRDK185, Path: /index.php/shop/product/PRDK185
DEBUG - 2025-09-14 10:27:01 --> Session: Class initialized using 'CodeIgniter\Session\Handlers\FileHandler' driver.
INFO - 2025-09-14 10:27:01 --> TrafficLog Debug - URL: /index.php/shop/product/PRDK162, Title: Shop -  Index.php Shop Product PRDK162, Path: /index.php/shop/product/PRDK162
DEBUG - 2025-09-14 10:28:16 --> Session: Class initialized using 'CodeIgniter\Session\Handlers\FileHandler' driver.
INFO - 2025-09-14 10:28:16 --> TrafficLog Debug - URL: /index.php/shop/product/PRDK169, Title: Shop -  Index.php Shop Product PRDK169, Path: /index.php/shop/product/PRDK169
DEBUG - 2025-09-14 10:31:44 --> Session: Class initialized using 'CodeIgniter\Session\Handlers\FileHandler' driver.
INFO - 2025-09-14 10:31:44 --> TrafficLog Debug - URL: /index.php/shop/product/PRDK173, Title: Shop -  Index.php Shop Product PRDK173, Path: /index.php/shop/product/PRDK173
DEBUG - 2025-09-14 10:33:34 --> Session: Class initialized using 'CodeIgniter\Session\Handlers\FileHandler' driver.
INFO - 2025-09-14 10:33:34 --> TrafficLog Debug - URL: /index.php/shop/product/PRDK017, Title: Shop -  Index.php Shop Product PRDK017, Path: /index.php/shop/product/PRDK017
DEBUG - 2025-09-14 10:34:31 --> Session: Class initialized using 'CodeIgniter\Session\Handlers\FileHandler' driver.
INFO - 2025-09-14 10:34:31 --> TrafficLog Debug - URL: /index.php/shop/product/PRDKCUST1, Title: Shop -  Index.php Shop Product PRDKCUST1, Path: /index.php/shop/product/PRDKCUST1
DEBUG - 2025-09-14 10:36:08 --> Session: Class initialized using 'CodeIgniter\Session\Handlers\FileHandler' driver.
INFO - 2025-09-14 10:36:08 --> TrafficLog Debug - URL: /index.php/shop/product/PRDK094, Title: Shop -  Index.php Shop Product PRDK094, Path: /index.php/shop/product/PRDK094
DEBUG - 2025-09-14 10:44:57 --> Session: Class initialized using 'CodeIgniter\Session\Handlers\FileHandler' driver.
INFO - 2025-09-14 10:44:57 --> TrafficLog Debug - URL: /index.php/shop/product/PRDK101, Title: Shop -  Index.php Shop Product PRDK101, Path: /index.php/shop/product/PRDK101
DEBUG - 2025-09-14 10:46:17 --> Session: Class initialized using 'CodeIgniter\Session\Handlers\FileHandler' driver.
INFO - 2025-09-14 10:46:17 --> TrafficLog Debug - URL: /index.php/shop/product/PRDK118, Title: Shop -  Index.php Shop Product PRDK118, Path: /index.php/shop/product/PRDK118
DEBUG - 2025-09-14 10:46:37 --> Session: Class initialized using 'CodeIgniter\Session\Handlers\FileHandler' driver.
INFO - 2025-09-14 10:46:37 --> TrafficLog Debug - URL: /index.php, Title: Index.php, Path: /index.php
DEBUG - 2025-09-14 10:46:38 --> Session: Class initialized using 'CodeIgniter\Session\Handlers\FileHandler' driver.
DEBUG - 2025-09-14 10:46:43 --> Session: Class initialized using 'CodeIgniter\Session\Handlers\FileHandler' driver.
DEBUG - 2025-09-14 10:46:44 --> Session: Class initialized using 'CodeIgniter\Session\Handlers\FileHandler' driver.
DEBUG - 2025-09-14 10:46:48 --> Session: Class initialized using 'CodeIgniter\Session\Handlers\FileHandler' driver.
DEBUG - 2025-09-14 10:46:48 --> Session: Class initialized using 'CodeIgniter\Session\Handlers\FileHandler' driver.
DEBUG - 2025-09-14 10:48:38 --> Session: Class initialized using 'CodeIgniter\Session\Handlers\FileHandler' driver.
DEBUG - 2025-09-14 10:48:39 --> Session: Class initialized using 'CodeIgniter\Session\Handlers\FileHandler' driver.
DEBUG - 2025-09-14 10:48:43 --> Session: Class initialized using 'CodeIgniter\Session\Handlers\FileHandler' driver.
DEBUG - 2025-09-14 10:48:43 --> Session: Class initialized using 'CodeIgniter\Session\Handlers\FileHandler' driver.
DEBUG - 2025-09-14 10:53:28 --> Session: Class initialized using 'CodeIgniter\Session\Handlers\FileHandler' driver.
INFO - 2025-09-14 10:53:28 --> TrafficLog Debug - URL: /index.php/shop/product/PRDK100, Title: Shop -  Index.php Shop Product PRDK100, Path: /index.php/shop/product/PRDK100
DEBUG - 2025-09-14 10:55:50 --> Session: Class initialized using 'CodeIgniter\Session\Handlers\FileHandler' driver.
INFO - 2025-09-14 10:55:50 --> TrafficLog Debug - URL: /index.php/shop, Title: Index.php Shop, Path: /index.php/shop
DEBUG - 2025-09-14 11:01:00 --> Session: Class initialized using 'CodeIgniter\Session\Handlers\FileHandler' driver.
INFO - 2025-09-14 11:01:00 --> TrafficLog Debug - URL: /index.php/shop/product/PRDK184, Title: Shop -  Index.php Shop Product PRDK184, Path: /index.php/shop/product/PRDK184
DEBUG - 2025-09-14 11:01:10 --> Session: Class initialized using 'CodeIgniter\Session\Handlers\FileHandler' driver.
INFO - 2025-09-14 11:01:10 --> TrafficLog Debug - URL: /index.php/shop, Title: Index.php Shop, Path: /index.php/shop
DEBUG - 2025-09-14 11:01:47 --> Session: Class initialized using 'CodeIgniter\Session\Handlers\FileHandler' driver.
INFO - 2025-09-14 11:01:47 --> TrafficLog Debug - URL: /index.php/shop/product/PRDK148, Title: Shop -  Index.php Shop Product PRDK148, Path: /index.php/shop/product/PRDK148
DEBUG - 2025-09-14 11:06:19 --> Session: Class initialized using 'CodeIgniter\Session\Handlers\FileHandler' driver.
INFO - 2025-09-14 11:06:19 --> TrafficLog Debug - URL: /index.php/shop, Title: Index.php Shop, Path: /index.php/shop
DEBUG - 2025-09-14 11:06:57 --> Session: Class initialized using 'CodeIgniter\Session\Handlers\FileHandler' driver.
INFO - 2025-09-14 11:06:57 --> TrafficLog Debug - URL: /index.php/shop/product/PRDK100, Title: Shop -  Index.php Shop Product PRDK100, Path: /index.php/shop/product/PRDK100
DEBUG - 2025-09-14 11:12:02 --> Session: Class initialized using 'CodeIgniter\Session\Handlers\FileHandler' driver.
INFO - 2025-09-14 11:12:02 --> TrafficLog Debug - URL: /index.php/shop, Title: Index.php Shop, Path: /index.php/shop
DEBUG - 2025-09-14 11:13:14 --> Session: Class initialized using 'CodeIgniter\Session\Handlers\FileHandler' driver.
INFO - 2025-09-14 11:13:14 --> TrafficLog Debug - URL: /index.php/, Title: Index.php, Path: /index.php/
DEBUG - 2025-09-14 11:13:17 --> Session: Class initialized using 'CodeIgniter\Session\Handlers\FileHandler' driver.
DEBUG - 2025-09-14 11:13:18 --> Session: Class initialized using 'CodeIgniter\Session\Handlers\FileHandler' driver.
DEBUG - 2025-09-14 11:13:19 --> Session: Class initialized using 'CodeIgniter\Session\Handlers\FileHandler' driver.
DEBUG - 2025-09-14 11:17:23 --> Session: Class initialized using 'CodeIgniter\Session\Handlers\FileHandler' driver.
INFO - 2025-09-14 11:17:23 --> TrafficLog Debug - URL: /index.php/shop/product/PRDK195, Title: Shop -  Index.php Shop Product PRDK195, Path: /index.php/shop/product/PRDK195
DEBUG - 2025-09-14 11:20:54 --> Session: Class initialized using 'CodeIgniter\Session\Handlers\FileHandler' driver.
INFO - 2025-09-14 11:20:54 --> TrafficLog Debug - URL: /index.php/, Title: Index.php, Path: /index.php/
DEBUG - 2025-09-14 11:21:07 --> Session: Class initialized using 'CodeIgniter\Session\Handlers\FileHandler' driver.
INFO - 2025-09-14 11:21:07 --> TrafficLog Debug - URL: /index.php/tracking, Title: Index.php Tracking, Path: /index.php/tracking
DEBUG - 2025-09-14 11:23:30 --> Session: Class initialized using 'CodeIgniter\Session\Handlers\FileHandler' driver.
INFO - 2025-09-14 11:23:30 --> TrafficLog Debug - URL: /index.php/shop/product/PRDK188, Title: Shop -  Index.php Shop Product PRDK188, Path: /index.php/shop/product/PRDK188
DEBUG - 2025-09-14 11:27:36 --> Session: Class initialized using 'CodeIgniter\Session\Handlers\FileHandler' driver.
INFO - 2025-09-14 11:27:36 --> TrafficLog Debug - URL: /index.php/, Title: Index.php, Path: /index.php/
DEBUG - 2025-09-14 11:27:41 --> Session: Class initialized using 'CodeIgniter\Session\Handlers\FileHandler' driver.
INFO - 2025-09-14 11:27:41 --> TrafficLog Debug - URL: /index.php, Title: Index.php, Path: /index.php
DEBUG - 2025-09-14 11:29:25 --> Session: Class initialized using 'CodeIgniter\Session\Handlers\FileHandler' driver.
INFO - 2025-09-14 11:29:25 --> TrafficLog Debug - URL: /index.php/shop/product/PRDK073, Title: Shop -  Index.php Shop Product PRDK073, Path: /index.php/shop/product/PRDK073
DEBUG - 2025-09-14 11:29:25 --> Session: Class initialized using 'CodeIgniter\Session\Handlers\FileHandler' driver.
INFO - 2025-09-14 11:29:25 --> TrafficLog Debug - URL: /index.php/shop/product/PRDK187, Title: Shop -  Index.php Shop Product PRDK187, Path: /index.php/shop/product/PRDK187
DEBUG - 2025-09-14 11:32:44 --> Session: Class initialized using 'CodeIgniter\Session\Handlers\FileHandler' driver.
INFO - 2025-09-14 11:32:44 --> TrafficLog Debug - URL: /index.php/shop, Title: Index.php Shop, Path: /index.php/shop
DEBUG - 2025-09-14 11:32:46 --> Session: Class initialized using 'CodeIgniter\Session\Handlers\FileHandler' driver.
INFO - 2025-09-14 11:32:46 --> TrafficLog Debug - URL: /index.php, Title: Index.php, Path: /index.php
DEBUG - 2025-09-14 11:33:00 --> Session: Class initialized using 'CodeIgniter\Session\Handlers\FileHandler' driver.
INFO - 2025-09-14 11:33:00 --> TrafficLog Debug - URL: /index.php/shop, Title: Index.php Shop, Path: /index.php/shop
DEBUG - 2025-09-14 11:34:38 --> Session: Class initialized using 'CodeIgniter\Session\Handlers\FileHandler' driver.
INFO - 2025-09-14 11:34:38 --> TrafficLog Debug - URL: /index.php/shop/product/PRDK166, Title: Shop -  Index.php Shop Product PRDK166, Path: /index.php/shop/product/PRDK166
DEBUG - 2025-09-14 11:37:54 --> Session: Class initialized using 'CodeIgniter\Session\Handlers\FileHandler' driver.
INFO - 2025-09-14 11:37:54 --> TrafficLog Debug - URL: /index.php/, Title: Index.php, Path: /index.php/
DEBUG - 2025-09-14 11:38:17 --> Session: Class initialized using 'CodeIgniter\Session\Handlers\FileHandler' driver.
INFO - 2025-09-14 11:38:17 --> TrafficLog Debug - URL: /index.php/, Title: Index.php, Path: /index.php/
DEBUG - 2025-09-14 11:39:48 --> Session: Class initialized using 'CodeIgniter\Session\Handlers\FileHandler' driver.
INFO - 2025-09-14 11:39:48 --> TrafficLog Debug - URL: /index.php/shop, Title: Index.php Shop, Path: /index.php/shop
DEBUG - 2025-09-14 11:44:54 --> Session: Class initialized using 'CodeIgniter\Session\Handlers\FileHandler' driver.
INFO - 2025-09-14 11:44:54 --> TrafficLog Debug - URL: /index.php/shop/product/PRDK042, Title: Shop -  Index.php Shop Product PRDK042, Path: /index.php/shop/product/PRDK042
DEBUG - 2025-09-14 11:49:23 --> Session: Class initialized using 'CodeIgniter\Session\Handlers\FileHandler' driver.
INFO - 2025-09-14 11:49:23 --> TrafficLog Debug - URL: /index.php/shop, Title: Index.php Shop, Path: /index.php/shop
DEBUG - 2025-09-14 11:54:21 --> Session: Class initialized using 'CodeIgniter\Session\Handlers\FileHandler' driver.
INFO - 2025-09-14 11:54:21 --> TrafficLog Debug - URL: /index.php/shop, Title: Index.php Shop, Path: /index.php/shop
DEBUG - 2025-09-14 11:59:34 --> Session: Class initialized using 'CodeIgniter\Session\Handlers\FileHandler' driver.
INFO - 2025-09-14 11:59:34 --> TrafficLog Debug - URL: /index.php/shop/product/PRDK154, Title: Shop -  Index.php Shop Product PRDK154, Path: /index.php/shop/product/PRDK154
DEBUG - 2025-09-14 12:01:20 --> Session: Class initialized using 'CodeIgniter\Session\Handlers\FileHandler' driver.
INFO - 2025-09-14 12:01:20 --> TrafficLog Debug - URL: /index.php/shop, Title: Index.php Shop, Path: /index.php/shop
DEBUG - 2025-09-14 12:04:03 --> Session: Class initialized using 'CodeIgniter\Session\Handlers\FileHandler' driver.
INFO - 2025-09-14 12:04:03 --> TrafficLog Debug - URL: /index.php/shop, Title: Index.php Shop, Path: /index.php/shop
DEBUG - 2025-09-14 12:04:14 --> Session: Class initialized using 'CodeIgniter\Session\Handlers\FileHandler' driver.
INFO - 2025-09-14 12:04:14 --> TrafficLog Debug - URL: /index.php/shop/product/PRDK105, Title: Shop -  Index.php Shop Product PRDK105, Path: /index.php/shop/product/PRDK105
DEBUG - 2025-09-14 12:06:06 --> Session: Class initialized using 'CodeIgniter\Session\Handlers\FileHandler' driver.
INFO - 2025-09-14 12:06:06 --> TrafficLog Debug - URL: /index.php/shop, Title: Index.php Shop, Path: /index.php/shop
DEBUG - 2025-09-14 12:06:07 --> Session: Class initialized using 'CodeIgniter\Session\Handlers\FileHandler' driver.
DEBUG - 2025-09-14 12:06:27 --> Session: Class initialized using 'CodeIgniter\Session\Handlers\FileHandler' driver.
INFO - 2025-09-14 12:06:27 --> TrafficLog Debug - URL: /index.php/shop, Title: Index.php Shop, Path: /index.php/shop
DEBUG - 2025-09-14 12:06:28 --> Session: Class initialized using 'CodeIgniter\Session\Handlers\FileHandler' driver.
DEBUG - 2025-09-14 12:06:57 --> Session: Class initialized using 'CodeIgniter\Session\Handlers\FileHandler' driver.
DEBUG - 2025-09-14 12:06:57 --> Session: Class initialized using 'CodeIgniter\Session\Handlers\FileHandler' driver.
DEBUG - 2025-09-14 12:06:58 --> Session: Class initialized using 'CodeIgniter\Session\Handlers\FileHandler' driver.
DEBUG - 2025-09-14 12:09:29 --> Session: Class initialized using 'CodeIgniter\Session\Handlers\FileHandler' driver.
INFO - 2025-09-14 12:09:29 --> TrafficLog Debug - URL: /index.php/shop/product/PRDK171, Title: Shop -  Index.php Shop Product PRDK171, Path: /index.php/shop/product/PRDK171
DEBUG - 2025-09-14 12:10:22 --> Session: Class initialized using 'CodeIgniter\Session\Handlers\FileHandler' driver.
INFO - 2025-09-14 12:10:22 --> TrafficLog Debug - URL: /index.php/, Title: Index.php, Path: /index.php/
DEBUG - 2025-09-14 12:10:24 --> Session: Class initialized using 'CodeIgniter\Session\Handlers\FileHandler' driver.
DEBUG - 2025-09-14 12:10:43 --> Session: Class initialized using 'CodeIgniter\Session\Handlers\FileHandler' driver.
DEBUG - 2025-09-14 12:10:44 --> Session: Class initialized using 'CodeIgniter\Session\Handlers\FileHandler' driver.
DEBUG - 2025-09-14 12:10:47 --> Session: Class initialized using 'CodeIgniter\Session\Handlers\FileHandler' driver.
DEBUG - 2025-09-14 12:10:47 --> Session: Class initialized using 'CodeIgniter\Session\Handlers\FileHandler' driver.
DEBUG - 2025-09-14 12:10:47 --> Session: Class initialized using 'CodeIgniter\Session\Handlers\FileHandler' driver.
DEBUG - 2025-09-14 12:11:39 --> Session: Class initialized using 'CodeIgniter\Session\Handlers\FileHandler' driver.
INFO - 2025-09-14 12:11:39 --> TrafficLog Debug - URL: /index.php/shop, Title: Index.php Shop, Path: /index.php/shop
DEBUG - 2025-09-14 12:14:25 --> Session: Class initialized using 'CodeIgniter\Session\Handlers\FileHandler' driver.
INFO - 2025-09-14 12:14:25 --> TrafficLog Debug - URL: /index.php/shop, Title: Index.php Shop, Path: /index.php/shop
DEBUG - 2025-09-14 12:16:10 --> Session: Class initialized using 'CodeIgniter\Session\Handlers\FileHandler' driver.
INFO - 2025-09-14 12:16:10 --> TrafficLog Debug - URL: /index.php/, Title: Index.php, Path: /index.php/
DEBUG - 2025-09-14 12:19:11 --> Session: Class initialized using 'CodeIgniter\Session\Handlers\FileHandler' driver.
INFO - 2025-09-14 12:19:11 --> TrafficLog Debug - URL: /index.php/shop/product/PRDK191, Title: Shop -  Index.php Shop Product PRDK191, Path: /index.php/shop/product/PRDK191
DEBUG - 2025-09-14 12:19:54 --> Session: Class initialized using 'CodeIgniter\Session\Handlers\FileHandler' driver.
INFO - 2025-09-14 12:19:54 --> TrafficLog Debug - URL: /index.php/, Title: Index.php, Path: /index.php/
DEBUG - 2025-09-14 12:19:55 --> Session: Class initialized using 'CodeIgniter\Session\Handlers\FileHandler' driver.
DEBUG - 2025-09-14 12:22:21 --> Session: Class initialized using 'CodeIgniter\Session\Handlers\FileHandler' driver.
DEBUG - 2025-09-14 12:23:15 --> Session: Class initialized using 'CodeIgniter\Session\Handlers\FileHandler' driver.
INFO - 2025-09-14 12:23:15 --> TrafficLog Debug - URL: /index.php/, Title: Index.php, Path: /index.php/
DEBUG - 2025-09-14 12:24:35 --> Session: Class initialized using 'CodeIgniter\Session\Handlers\FileHandler' driver.
DEBUG - 2025-09-14 12:24:36 --> Session: Class initialized using 'CodeIgniter\Session\Handlers\FileHandler' driver.
DEBUG - 2025-09-14 12:25:16 --> Session: Class initialized using 'CodeIgniter\Session\Handlers\FileHandler' driver.
INFO - 2025-09-14 12:25:16 --> TrafficLog Debug - URL: /index.php/artikel/rekomendasi-bunga-untuk-setiap-mood-dari-patah-hati-sampai-happy-banget, Title: Index.php Artikel Rekomendasi Bunga Untuk Setiap Mood Dari Patah Hati Sampai Happy Banget, Path: /index.php/artikel/rekomendasi-bunga-untuk-setiap-mood-dari-patah-hati-sampai-happy-banget
DEBUG - 2025-09-14 12:25:17 --> Session: Class initialized using 'CodeIgniter\Session\Handlers\FileHandler' driver.
DEBUG - 2025-09-14 12:25:48 --> Session: Class initialized using 'CodeIgniter\Session\Handlers\FileHandler' driver.
DEBUG - 2025-09-14 12:25:48 --> Session: Class initialized using 'CodeIgniter\Session\Handlers\FileHandler' driver.
DEBUG - 2025-09-14 12:26:00 --> Session: Class initialized using 'CodeIgniter\Session\Handlers\FileHandler' driver.
DEBUG - 2025-09-14 12:26:00 --> Session: Class initialized using 'CodeIgniter\Session\Handlers\FileHandler' driver.
DEBUG - 2025-09-14 12:26:03 --> Session: Class initialized using 'CodeIgniter\Session\Handlers\FileHandler' driver.
DEBUG - 2025-09-14 12:26:04 --> Session: Class initialized using 'CodeIgniter\Session\Handlers\FileHandler' driver.
DEBUG - 2025-09-14 12:27:51 --> Session: Class initialized using 'CodeIgniter\Session\Handlers\FileHandler' driver.
DEBUG - 2025-09-14 12:27:51 --> Session: Class initialized using 'CodeIgniter\Session\Handlers\FileHandler' driver.
DEBUG - 2025-09-14 12:28:09 --> Session: Class initialized using 'CodeIgniter\Session\Handlers\FileHandler' driver.
DEBUG - 2025-09-14 12:28:09 --> Session: Class initialized using 'CodeIgniter\Session\Handlers\FileHandler' driver.
DEBUG - 2025-09-14 12:28:09 --> Session: Class initialized using 'CodeIgniter\Session\Handlers\FileHandler' driver.
DEBUG - 2025-09-14 12:28:09 --> Session: Class initialized using 'CodeIgniter\Session\Handlers\FileHandler' driver.
DEBUG - 2025-09-14 12:28:20 --> Session: Class initialized using 'CodeIgniter\Session\Handlers\FileHandler' driver.
DEBUG - 2025-09-14 12:28:26 --> Session: Class initialized using 'CodeIgniter\Session\Handlers\FileHandler' driver.
DEBUG - 2025-09-14 12:28:26 --> Session: Class initialized using 'CodeIgniter\Session\Handlers\FileHandler' driver.
DEBUG - 2025-09-14 12:28:27 --> Session: Class initialized using 'CodeIgniter\Session\Handlers\FileHandler' driver.
DEBUG - 2025-09-14 12:28:37 --> Session: Class initialized using 'CodeIgniter\Session\Handlers\FileHandler' driver.
DEBUG - 2025-09-14 12:28:47 --> Session: Class initialized using 'CodeIgniter\Session\Handlers\FileHandler' driver.
DEBUG - 2025-09-14 12:28:57 --> Session: Class initialized using 'CodeIgniter\Session\Handlers\FileHandler' driver.
DEBUG - 2025-09-14 12:29:07 --> Session: Class initialized using 'CodeIgniter\Session\Handlers\FileHandler' driver.
DEBUG - 2025-09-14 12:29:17 --> Session: Class initialized using 'CodeIgniter\Session\Handlers\FileHandler' driver.
DEBUG - 2025-09-14 12:29:27 --> Session: Class initialized using 'CodeIgniter\Session\Handlers\FileHandler' driver.
DEBUG - 2025-09-14 12:29:37 --> Session: Class initialized using 'CodeIgniter\Session\Handlers\FileHandler' driver.
DEBUG - 2025-09-14 12:29:40 --> Session: Class initialized using 'CodeIgniter\Session\Handlers\FileHandler' driver.
INFO - 2025-09-14 12:29:40 --> TrafficLog Debug - URL: /index.php, Title: Index.php, Path: /index.php
DEBUG - 2025-09-14 12:29:40 --> Session: Class initialized using 'CodeIgniter\Session\Handlers\FileHandler' driver.
DEBUG - 2025-09-14 12:29:47 --> Session: Class initialized using 'CodeIgniter\Session\Handlers\FileHandler' driver.
DEBUG - 2025-09-14 12:29:53 --> Session: Class initialized using 'CodeIgniter\Session\Handlers\FileHandler' driver.
DEBUG - 2025-09-14 12:29:53 --> Session: Class initialized using 'CodeIgniter\Session\Handlers\FileHandler' driver.
DEBUG - 2025-09-14 12:29:57 --> Session: Class initialized using 'CodeIgniter\Session\Handlers\FileHandler' driver.
DEBUG - 2025-09-14 12:30:06 --> Session: Class initialized using 'CodeIgniter\Session\Handlers\FileHandler' driver.
DEBUG - 2025-09-14 12:30:06 --> Session: Class initialized using 'CodeIgniter\Session\Handlers\FileHandler' driver.
DEBUG - 2025-09-14 12:30:07 --> Session: Class initialized using 'CodeIgniter\Session\Handlers\FileHandler' driver.
DEBUG - 2025-09-14 12:30:17 --> Session: Class initialized using 'CodeIgniter\Session\Handlers\FileHandler' driver.
DEBUG - 2025-09-14 12:30:19 --> Session: Class initialized using 'CodeIgniter\Session\Handlers\FileHandler' driver.
DEBUG - 2025-09-14 12:30:19 --> Session: Class initialized using 'CodeIgniter\Session\Handlers\FileHandler' driver.
DEBUG - 2025-09-14 12:30:27 --> Session: Class initialized using 'CodeIgniter\Session\Handlers\FileHandler' driver.
DEBUG - 2025-09-14 12:30:37 --> Session: Class initialized using 'CodeIgniter\Session\Handlers\FileHandler' driver.
DEBUG - 2025-09-14 12:30:47 --> Session: Class initialized using 'CodeIgniter\Session\Handlers\FileHandler' driver.
DEBUG - 2025-09-14 12:30:57 --> Session: Class initialized using 'CodeIgniter\Session\Handlers\FileHandler' driver.
DEBUG - 2025-09-14 12:31:07 --> Session: Class initialized using 'CodeIgniter\Session\Handlers\FileHandler' driver.
DEBUG - 2025-09-14 12:31:17 --> Session: Class initialized using 'CodeIgniter\Session\Handlers\FileHandler' driver.
DEBUG - 2025-09-14 12:31:27 --> Session: Class initialized using 'CodeIgniter\Session\Handlers\FileHandler' driver.
DEBUG - 2025-09-14 12:31:37 --> Session: Class initialized using 'CodeIgniter\Session\Handlers\FileHandler' driver.
DEBUG - 2025-09-14 12:31:47 --> Session: Class initialized using 'CodeIgniter\Session\Handlers\FileHandler' driver.
DEBUG - 2025-09-14 12:31:57 --> Session: Class initialized using 'CodeIgniter\Session\Handlers\FileHandler' driver.
DEBUG - 2025-09-14 12:32:12 --> Session: Class initialized using 'CodeIgniter\Session\Handlers\FileHandler' driver.
DEBUG - 2025-09-14 12:32:18 --> Session: Class initialized using 'CodeIgniter\Session\Handlers\FileHandler' driver.
DEBUG - 2025-09-14 12:32:29 --> Session: Class initialized using 'CodeIgniter\Session\Handlers\FileHandler' driver.
DEBUG - 2025-09-14 12:32:37 --> Session: Class initialized using 'CodeIgniter\Session\Handlers\FileHandler' driver.
DEBUG - 2025-09-14 12:32:51 --> Session: Class initialized using 'CodeIgniter\Session\Handlers\FileHandler' driver.
DEBUG - 2025-09-14 12:32:57 --> Session: Class initialized using 'CodeIgniter\Session\Handlers\FileHandler' driver.
DEBUG - 2025-09-14 12:33:07 --> Session: Class initialized using 'CodeIgniter\Session\Handlers\FileHandler' driver.
DEBUG - 2025-09-14 12:33:17 --> Session: Class initialized using 'CodeIgniter\Session\Handlers\FileHandler' driver.
DEBUG - 2025-09-14 12:33:27 --> Session: Class initialized using 'CodeIgniter\Session\Handlers\FileHandler' driver.
DEBUG - 2025-09-14 12:33:37 --> Session: Class initialized using 'CodeIgniter\Session\Handlers\FileHandler' driver.
DEBUG - 2025-09-14 12:33:48 --> Session: Class initialized using 'CodeIgniter\Session\Handlers\FileHandler' driver.
DEBUG - 2025-09-14 12:33:57 --> Session: Class initialized using 'CodeIgniter\Session\Handlers\FileHandler' driver.
DEBUG - 2025-09-14 12:34:07 --> Session: Class initialized using 'CodeIgniter\Session\Handlers\FileHandler' driver.
DEBUG - 2025-09-14 12:34:19 --> Session: Class initialized using 'CodeIgniter\Session\Handlers\FileHandler' driver.
DEBUG - 2025-09-14 12:34:27 --> Session: Class initialized using 'CodeIgniter\Session\Handlers\FileHandler' driver.
DEBUG - 2025-09-14 12:34:56 --> Session: Class initialized using 'CodeIgniter\Session\Handlers\FileHandler' driver.
DEBUG - 2025-09-14 12:34:57 --> Session: Class initialized using 'CodeIgniter\Session\Handlers\FileHandler' driver.
DEBUG - 2025-09-14 12:35:08 --> Session: Class initialized using 'CodeIgniter\Session\Handlers\FileHandler' driver.
DEBUG - 2025-09-14 12:35:17 --> Session: Class initialized using 'CodeIgniter\Session\Handlers\FileHandler' driver.
DEBUG - 2025-09-14 12:35:27 --> Session: Class initialized using 'CodeIgniter\Session\Handlers\FileHandler' driver.
DEBUG - 2025-09-14 12:35:37 --> Session: Class initialized using 'CodeIgniter\Session\Handlers\FileHandler' driver.
DEBUG - 2025-09-14 12:35:47 --> Session: Class initialized using 'CodeIgniter\Session\Handlers\FileHandler' driver.
DEBUG - 2025-09-14 12:36:01 --> Session: Class initialized using 'CodeIgniter\Session\Handlers\FileHandler' driver.
DEBUG - 2025-09-14 12:36:13 --> Session: Class initialized using 'CodeIgniter\Session\Handlers\FileHandler' driver.
DEBUG - 2025-09-14 12:37:13 --> Session: Class initialized using 'CodeIgniter\Session\Handlers\FileHandler' driver.
DEBUG - 2025-09-14 12:37:44 --> Session: Class initialized using 'CodeIgniter\Session\Handlers\FileHandler' driver.
INFO - 2025-09-14 12:37:44 --> TrafficLog Debug - URL: /index.php/shop, Title: Index.php Shop, Path: /index.php/shop
DEBUG - 2025-09-14 12:38:13 --> Session: Class initialized using 'CodeIgniter\Session\Handlers\FileHandler' driver.
DEBUG - 2025-09-14 12:39:13 --> Session: Class initialized using 'CodeIgniter\Session\Handlers\FileHandler' driver.
DEBUG - 2025-09-14 12:40:13 --> Session: Class initialized using 'CodeIgniter\Session\Handlers\FileHandler' driver.
DEBUG - 2025-09-14 12:41:59 --> Session: Class initialized using 'CodeIgniter\Session\Handlers\FileHandler' driver.
INFO - 2025-09-14 12:41:59 --> TrafficLog Debug - URL: /index.php/, Title: Index.php, Path: /index.php/
DEBUG - 2025-09-14 12:42:13 --> Session: Class initialized using 'CodeIgniter\Session\Handlers\FileHandler' driver.
DEBUG - 2025-09-14 12:42:14 --> Session: Class initialized using 'CodeIgniter\Session\Handlers\FileHandler' driver.
INFO - 2025-09-14 12:42:14 --> TrafficLog Debug - URL: /index.php/artikel, Title: Index.php Artikel, Path: /index.php/artikel
DEBUG - 2025-09-14 12:42:14 --> Session: Class initialized using 'CodeIgniter\Session\Handlers\FileHandler' driver.
DEBUG - 2025-09-14 12:42:15 --> Session: Class initialized using 'CodeIgniter\Session\Handlers\FileHandler' driver.
INFO - 2025-09-14 12:42:15 --> TrafficLog Debug - URL: /index.php/artikel, Title: Index.php Artikel, Path: /index.php/artikel
DEBUG - 2025-09-14 12:42:16 --> Session: Class initialized using 'CodeIgniter\Session\Handlers\FileHandler' driver.
INFO - 2025-09-14 12:42:16 --> TrafficLog Debug - URL: /index.php/, Title: Index.php, Path: /index.php/
DEBUG - 2025-09-14 12:42:55 --> Session: Class initialized using 'CodeIgniter\Session\Handlers\FileHandler' driver.
DEBUG - 2025-09-14 12:42:56 --> Session: Class initialized using 'CodeIgniter\Session\Handlers\FileHandler' driver.
DEBUG - 2025-09-14 12:43:07 --> Session: Class initialized using 'CodeIgniter\Session\Handlers\FileHandler' driver.
DEBUG - 2025-09-14 12:43:07 --> Session: Class initialized using 'CodeIgniter\Session\Handlers\FileHandler' driver.
DEBUG - 2025-09-14 12:43:13 --> Session: Class initialized using 'CodeIgniter\Session\Handlers\FileHandler' driver.
DEBUG - 2025-09-14 12:44:13 --> Session: Class initialized using 'CodeIgniter\Session\Handlers\FileHandler' driver.
DEBUG - 2025-09-14 12:45:13 --> Session: Class initialized using 'CodeIgniter\Session\Handlers\FileHandler' driver.
DEBUG - 2025-09-14 12:45:14 --> Session: Class initialized using 'CodeIgniter\Session\Handlers\FileHandler' driver.
INFO - 2025-09-14 12:45:14 --> TrafficLog Debug - URL: /index.php/, Title: Index.php, Path: /index.php/
DEBUG - 2025-09-14 12:46:13 --> Session: Class initialized using 'CodeIgniter\Session\Handlers\FileHandler' driver.
DEBUG - 2025-09-14 12:47:18 --> Session: Class initialized using 'CodeIgniter\Session\Handlers\FileHandler' driver.
DEBUG - 2025-09-14 12:47:28 --> Session: Class initialized using 'CodeIgniter\Session\Handlers\FileHandler' driver.
DEBUG - 2025-09-14 12:47:37 --> Session: Class initialized using 'CodeIgniter\Session\Handlers\FileHandler' driver.
DEBUG - 2025-09-14 12:47:47 --> Session: Class initialized using 'CodeIgniter\Session\Handlers\FileHandler' driver.
DEBUG - 2025-09-14 12:47:59 --> Session: Class initialized using 'CodeIgniter\Session\Handlers\FileHandler' driver.
DEBUG - 2025-09-14 12:48:05 --> Session: Class initialized using 'CodeIgniter\Session\Handlers\FileHandler' driver.
INFO - 2025-09-14 12:48:05 --> TrafficLog Debug - URL: /index.php/, Title: Index.php, Path: /index.php/
DEBUG - 2025-09-14 12:48:06 --> Session: Class initialized using 'CodeIgniter\Session\Handlers\FileHandler' driver.
DEBUG - 2025-09-14 12:48:07 --> Session: Class initialized using 'CodeIgniter\Session\Handlers\FileHandler' driver.
DEBUG - 2025-09-14 12:48:17 --> Session: Class initialized using 'CodeIgniter\Session\Handlers\FileHandler' driver.
DEBUG - 2025-09-14 12:48:33 --> Session: Class initialized using 'CodeIgniter\Session\Handlers\FileHandler' driver.
DEBUG - 2025-09-14 12:49:13 --> Session: Class initialized using 'CodeIgniter\Session\Handlers\FileHandler' driver.
DEBUG - 2025-09-14 12:49:50 --> Session: Class initialized using 'CodeIgniter\Session\Handlers\FileHandler' driver.
DEBUG - 2025-09-14 12:49:57 --> Session: Class initialized using 'CodeIgniter\Session\Handlers\FileHandler' driver.
DEBUG - 2025-09-14 12:50:13 --> Session: Class initialized using 'CodeIgniter\Session\Handlers\FileHandler' driver.
DEBUG - 2025-09-14 12:50:17 --> Session: Class initialized using 'CodeIgniter\Session\Handlers\FileHandler' driver.
DEBUG - 2025-09-14 12:50:29 --> Session: Class initialized using 'CodeIgniter\Session\Handlers\FileHandler' driver.
DEBUG - 2025-09-14 12:50:37 --> Session: Class initialized using 'CodeIgniter\Session\Handlers\FileHandler' driver.
DEBUG - 2025-09-14 12:50:47 --> Session: Class initialized using 'CodeIgniter\Session\Handlers\FileHandler' driver.
DEBUG - 2025-09-14 12:51:01 --> Session: Class initialized using 'CodeIgniter\Session\Handlers\FileHandler' driver.
INFO - 2025-09-14 12:51:01 --> TrafficLog Debug - URL: /index.php/shop, Title: Index.php Shop, Path: /index.php/shop
DEBUG - 2025-09-14 12:51:15 --> Session: Class initialized using 'CodeIgniter\Session\Handlers\FileHandler' driver.
DEBUG - 2025-09-14 12:52:13 --> Session: Class initialized using 'CodeIgniter\Session\Handlers\FileHandler' driver.
DEBUG - 2025-09-14 12:52:18 --> Session: Class initialized using 'CodeIgniter\Session\Handlers\FileHandler' driver.
INFO - 2025-09-14 12:52:18 --> TrafficLog Debug - URL: /index.php/sitemap.xml, Title: Index.php Sitemap.xml, Path: /index.php/sitemap.xml
DEBUG - 2025-09-14 12:52:20 --> Session: Class initialized using 'CodeIgniter\Session\Handlers\FileHandler' driver.
INFO - 2025-09-14 12:52:20 --> TrafficLog Debug - URL: /index.php/, Title: Index.php, Path: /index.php/
DEBUG - 2025-09-14 12:52:21 --> Session: Class initialized using 'CodeIgniter\Session\Handlers\FileHandler' driver.
INFO - 2025-09-14 12:52:21 --> TrafficLog Debug - URL: /index.php/shop, Title: Index.php Shop, Path: /index.php/shop
DEBUG - 2025-09-14 12:52:22 --> Session: Class initialized using 'CodeIgniter\Session\Handlers\FileHandler' driver.
DEBUG - 2025-09-14 12:52:24 --> Session: Class initialized using 'CodeIgniter\Session\Handlers\FileHandler' driver.
DEBUG - 2025-09-14 12:52:25 --> Session: Class initialized using 'CodeIgniter\Session\Handlers\FileHandler' driver.
DEBUG - 2025-09-14 12:53:21 --> Session: Class initialized using 'CodeIgniter\Session\Handlers\FileHandler' driver.
DEBUG - 2025-09-14 12:53:31 --> Session: Class initialized using 'CodeIgniter\Session\Handlers\FileHandler' driver.
INFO - 2025-09-14 12:53:31 --> TrafficLog Debug - URL: /index.php/shop, Title: Index.php Shop, Path: /index.php/shop
DEBUG - 2025-09-14 12:54:16 --> Session: Class initialized using 'CodeIgniter\Session\Handlers\FileHandler' driver.
DEBUG - 2025-09-14 12:55:13 --> Session: Class initialized using 'CodeIgniter\Session\Handlers\FileHandler' driver.
DEBUG - 2025-09-14 12:56:13 --> Session: Class initialized using 'CodeIgniter\Session\Handlers\FileHandler' driver.
DEBUG - 2025-09-14 12:57:13 --> Session: Class initialized using 'CodeIgniter\Session\Handlers\FileHandler' driver.
DEBUG - 2025-09-14 12:59:07 --> Session: Class initialized using 'CodeIgniter\Session\Handlers\FileHandler' driver.
INFO - 2025-09-14 12:59:07 --> TrafficLog Debug - URL: /index.php/, Title: Index.php, Path: /index.php/
DEBUG - 2025-09-14 12:59:08 --> Session: Class initialized using 'CodeIgniter\Session\Handlers\FileHandler' driver.
DEBUG - 2025-09-14 12:59:13 --> Session: Class initialized using 'CodeIgniter\Session\Handlers\FileHandler' driver.
DEBUG - 2025-09-14 13:00:13 --> Session: Class initialized using 'CodeIgniter\Session\Handlers\FileHandler' driver.
DEBUG - 2025-09-14 13:01:13 --> Session: Class initialized using 'CodeIgniter\Session\Handlers\FileHandler' driver.
DEBUG - 2025-09-14 13:02:13 --> Session: Class initialized using 'CodeIgniter\Session\Handlers\FileHandler' driver.
DEBUG - 2025-09-14 13:03:15 --> Session: Class initialized using 'CodeIgniter\Session\Handlers\FileHandler' driver.
DEBUG - 2025-09-14 13:03:36 --> Session: Class initialized using 'CodeIgniter\Session\Handlers\FileHandler' driver.
INFO - 2025-09-14 13:03:36 --> TrafficLog Debug - URL: /index.php/artikel/rekomendasi-bunga-untuk-setiap-mood-dari-patah-hati-sampai-happy-banget, Title: Index.php Artikel Rekomendasi Bunga Untuk Setiap Mood Dari Patah Hati Sampai Happy Banget, Path: /index.php/artikel/rekomendasi-bunga-untuk-setiap-mood-dari-patah-hati-sampai-happy-banget
DEBUG - 2025-09-14 13:03:37 --> Session: Class initialized using 'CodeIgniter\Session\Handlers\FileHandler' driver.
DEBUG - 2025-09-14 13:04:13 --> Session: Class initialized using 'CodeIgniter\Session\Handlers\FileHandler' driver.
DEBUG - 2025-09-14 13:05:10 --> Session: Class initialized using 'CodeIgniter\Session\Handlers\FileHandler' driver.
DEBUG - 2025-09-14 13:05:10 --> Session: Class initialized using 'CodeIgniter\Session\Handlers\FileHandler' driver.
DEBUG - 2025-09-14 13:05:13 --> Session: Class initialized using 'CodeIgniter\Session\Handlers\FileHandler' driver.
DEBUG - 2025-09-14 13:05:25 --> Session: Class initialized using 'CodeIgniter\Session\Handlers\FileHandler' driver.
DEBUG - 2025-09-14 13:05:25 --> Session: Class initialized using 'CodeIgniter\Session\Handlers\FileHandler' driver.
DEBUG - 2025-09-14 13:05:44 --> Session: Class initialized using 'CodeIgniter\Session\Handlers\FileHandler' driver.
DEBUG - 2025-09-14 13:05:45 --> Session: Class initialized using 'CodeIgniter\Session\Handlers\FileHandler' driver.
DEBUG - 2025-09-14 13:06:13 --> Session: Class initialized using 'CodeIgniter\Session\Handlers\FileHandler' driver.
DEBUG - 2025-09-14 13:07:13 --> Session: Class initialized using 'CodeIgniter\Session\Handlers\FileHandler' driver.
DEBUG - 2025-09-14 13:08:13 --> Session: Class initialized using 'CodeIgniter\Session\Handlers\FileHandler' driver.
DEBUG - 2025-09-14 13:08:17 --> Session: Class initialized using 'CodeIgniter\Session\Handlers\FileHandler' driver.
INFO - 2025-09-14 13:08:17 --> TrafficLog Debug - URL: /index.php/shop/product/PRDK045, Title: Shop -  Index.php Shop Product PRDK045, Path: /index.php/shop/product/PRDK045
DEBUG - 2025-09-14 13:09:13 --> Session: Class initialized using 'CodeIgniter\Session\Handlers\FileHandler' driver.
DEBUG - 2025-09-14 13:10:13 --> Session: Class initialized using 'CodeIgniter\Session\Handlers\FileHandler' driver.
DEBUG - 2025-09-14 13:11:13 --> Session: Class initialized using 'CodeIgniter\Session\Handlers\FileHandler' driver.
DEBUG - 2025-09-14 13:12:13 --> Session: Class initialized using 'CodeIgniter\Session\Handlers\FileHandler' driver.
DEBUG - 2025-09-14 13:12:54 --> Session: Class initialized using 'CodeIgniter\Session\Handlers\FileHandler' driver.
INFO - 2025-09-14 13:12:54 --> TrafficLog Debug - URL: /index.php, Title: Index.php, Path: /index.php
DEBUG - 2025-09-14 13:12:55 --> Session: Class initialized using 'CodeIgniter\Session\Handlers\FileHandler' driver.
DEBUG - 2025-09-14 13:13:19 --> Session: Class initialized using 'CodeIgniter\Session\Handlers\FileHandler' driver.
DEBUG - 2025-09-14 13:13:37 --> Session: Class initialized using 'CodeIgniter\Session\Handlers\FileHandler' driver.
INFO - 2025-09-14 13:13:37 --> TrafficLog Debug - URL: /index.php/shop, Title: Index.php Shop, Path: /index.php/shop
DEBUG - 2025-09-14 13:14:13 --> Session: Class initialized using 'CodeIgniter\Session\Handlers\FileHandler' driver.
DEBUG - 2025-09-14 13:14:18 --> Session: Class initialized using 'CodeIgniter\Session\Handlers\FileHandler' driver.
INFO - 2025-09-14 13:14:18 --> TrafficLog Debug - URL: /index.php/, Title: Index.php, Path: /index.php/
DEBUG - 2025-09-14 13:15:13 --> Session: Class initialized using 'CodeIgniter\Session\Handlers\FileHandler' driver.
DEBUG - 2025-09-14 13:15:27 --> Session: Class initialized using 'CodeIgniter\Session\Handlers\FileHandler' driver.
INFO - 2025-09-14 13:15:27 --> TrafficLog Debug - URL: /index.php/shop, Title: Index.php Shop, Path: /index.php/shop
DEBUG - 2025-09-14 13:16:13 --> Session: Class initialized using 'CodeIgniter\Session\Handlers\FileHandler' driver.
DEBUG - 2025-09-14 13:16:28 --> Session: Class initialized using 'CodeIgniter\Session\Handlers\FileHandler' driver.
INFO - 2025-09-14 13:16:28 --> TrafficLog Debug - URL: /index.php/, Title: Index.php, Path: /index.php/
DEBUG - 2025-09-14 13:16:29 --> Session: Class initialized using 'CodeIgniter\Session\Handlers\FileHandler' driver.
DEBUG - 2025-09-14 13:16:35 --> Session: Class initialized using 'CodeIgniter\Session\Handlers\FileHandler' driver.
INFO - 2025-09-14 13:16:35 --> TrafficLog Debug - URL: /index.php/shop, Title: Index.php Shop, Path: /index.php/shop
DEBUG - 2025-09-14 13:16:43 --> Session: Class initialized using 'CodeIgniter\Session\Handlers\FileHandler' driver.
INFO - 2025-09-14 13:16:43 --> TrafficLog Debug - URL: /index.php, Title: Index.php, Path: /index.php
DEBUG - 2025-09-14 13:17:13 --> Session: Class initialized using 'CodeIgniter\Session\Handlers\FileHandler' driver.
DEBUG - 2025-09-14 13:17:19 --> Session: Class initialized using 'CodeIgniter\Session\Handlers\FileHandler' driver.
DEBUG - 2025-09-14 13:17:21 --> Session: Class initialized using 'CodeIgniter\Session\Handlers\FileHandler' driver.
DEBUG - 2025-09-14 13:17:24 --> Session: Class initialized using 'CodeIgniter\Session\Handlers\FileHandler' driver.
DEBUG - 2025-09-14 13:17:36 --> Session: Class initialized using 'CodeIgniter\Session\Handlers\FileHandler' driver.
DEBUG - 2025-09-14 13:17:44 --> Session: Class initialized using 'CodeIgniter\Session\Handlers\FileHandler' driver.
DEBUG - 2025-09-14 13:17:44 --> Session: Class initialized using 'CodeIgniter\Session\Handlers\FileHandler' driver.
DEBUG - 2025-09-14 13:17:45 --> Session: Class initialized using 'CodeIgniter\Session\Handlers\FileHandler' driver.
DEBUG - 2025-09-14 13:17:45 --> Session: Class initialized using 'CodeIgniter\Session\Handlers\FileHandler' driver.
DEBUG - 2025-09-14 13:17:53 --> Session: Class initialized using 'CodeIgniter\Session\Handlers\FileHandler' driver.
DEBUG - 2025-09-14 13:17:54 --> Session: Class initialized using 'CodeIgniter\Session\Handlers\FileHandler' driver.
DEBUG - 2025-09-14 13:17:56 --> Session: Class initialized using 'CodeIgniter\Session\Handlers\FileHandler' driver.
DEBUG - 2025-09-14 13:17:58 --> Session: Class initialized using 'CodeIgniter\Session\Handlers\FileHandler' driver.
INFO - 2025-09-14 13:17:58 --> TrafficLog Debug - URL: /index.php/shop/product/PRDK151, Title: Shop -  Index.php Shop Product PRDK151, Path: /index.php/shop/product/PRDK151
DEBUG - 2025-09-14 13:18:06 --> Session: Class initialized using 'CodeIgniter\Session\Handlers\FileHandler' driver.
DEBUG - 2025-09-14 13:18:13 --> Session: Class initialized using 'CodeIgniter\Session\Handlers\FileHandler' driver.
DEBUG - 2025-09-14 13:18:16 --> Session: Class initialized using 'CodeIgniter\Session\Handlers\FileHandler' driver.
DEBUG - 2025-09-14 13:18:20 --> Session: Class initialized using 'CodeIgniter\Session\Handlers\FileHandler' driver.
DEBUG - 2025-09-14 13:18:20 --> Session: Class initialized using 'CodeIgniter\Session\Handlers\FileHandler' driver.
DEBUG - 2025-09-14 13:18:21 --> Session: Class initialized using 'CodeIgniter\Session\Handlers\FileHandler' driver.
DEBUG - 2025-09-14 13:18:23 --> Session: Class initialized using 'CodeIgniter\Session\Handlers\FileHandler' driver.
INFO - 2025-09-14 13:18:23 --> TrafficLog Debug - URL: /index.php/shop/product/PRDK192, Title: Shop -  Index.php Shop Product PRDK192, Path: /index.php/shop/product/PRDK192
DEBUG - 2025-09-14 13:18:28 --> Session: Class initialized using 'CodeIgniter\Session\Handlers\FileHandler' driver.
DEBUG - 2025-09-14 13:18:28 --> Session: Class initialized using 'CodeIgniter\Session\Handlers\FileHandler' driver.
DEBUG - 2025-09-14 13:18:29 --> Session: Class initialized using 'CodeIgniter\Session\Handlers\FileHandler' driver.
DEBUG - 2025-09-14 13:18:29 --> Session: Class initialized using 'CodeIgniter\Session\Handlers\FileHandler' driver.
DEBUG - 2025-09-14 13:18:30 --> Session: Class initialized using 'CodeIgniter\Session\Handlers\FileHandler' driver.
DEBUG - 2025-09-14 13:18:31 --> Session: Class initialized using 'CodeIgniter\Session\Handlers\FileHandler' driver.
DEBUG - 2025-09-14 13:18:55 --> Session: Class initialized using 'CodeIgniter\Session\Handlers\FileHandler' driver.
DEBUG - 2025-09-14 13:18:55 --> Session: Class initialized using 'CodeIgniter\Session\Handlers\FileHandler' driver.
DEBUG - 2025-09-14 13:19:13 --> Session: Class initialized using 'CodeIgniter\Session\Handlers\FileHandler' driver.
DEBUG - 2025-09-14 13:19:21 --> Session: Class initialized using 'CodeIgniter\Session\Handlers\FileHandler' driver.
DEBUG - 2025-09-14 13:19:22 --> Session: Class initialized using 'CodeIgniter\Session\Handlers\FileHandler' driver.
DEBUG - 2025-09-14 13:19:40 --> Session: Class initialized using 'CodeIgniter\Session\Handlers\FileHandler' driver.
INFO - 2025-09-14 13:19:40 --> TrafficLog Debug - URL: /index.php/, Title: Index.php, Path: /index.php/
DEBUG - 2025-09-14 13:20:10 --> Session: Class initialized using 'CodeIgniter\Session\Handlers\FileHandler' driver.
DEBUG - 2025-09-14 13:20:11 --> Session: Class initialized using 'CodeIgniter\Session\Handlers\FileHandler' driver.
DEBUG - 2025-09-14 13:20:13 --> Session: Class initialized using 'CodeIgniter\Session\Handlers\FileHandler' driver.
DEBUG - 2025-09-14 13:20:15 --> Session: Class initialized using 'CodeIgniter\Session\Handlers\FileHandler' driver.
DEBUG - 2025-09-14 13:20:16 --> Session: Class initialized using 'CodeIgniter\Session\Handlers\FileHandler' driver.
DEBUG - 2025-09-14 13:20:36 --> Session: Class initialized using 'CodeIgniter\Session\Handlers\FileHandler' driver.
DEBUG - 2025-09-14 13:20:36 --> Session: Class initialized using 'CodeIgniter\Session\Handlers\FileHandler' driver.
DEBUG - 2025-09-14 13:20:43 --> Session: Class initialized using 'CodeIgniter\Session\Handlers\FileHandler' driver.
DEBUG - 2025-09-14 13:20:43 --> Session: Class initialized using 'CodeIgniter\Session\Handlers\FileHandler' driver.
DEBUG - 2025-09-14 13:20:46 --> Session: Class initialized using 'CodeIgniter\Session\Handlers\FileHandler' driver.
DEBUG - 2025-09-14 13:20:46 --> Session: Class initialized using 'CodeIgniter\Session\Handlers\FileHandler' driver.
DEBUG - 2025-09-14 13:21:13 --> Session: Class initialized using 'CodeIgniter\Session\Handlers\FileHandler' driver.
DEBUG - 2025-09-14 13:21:25 --> Session: Class initialized using 'CodeIgniter\Session\Handlers\FileHandler' driver.
DEBUG - 2025-09-14 13:21:25 --> Session: Class initialized using 'CodeIgniter\Session\Handlers\FileHandler' driver.
DEBUG - 2025-09-14 13:21:38 --> Session: Class initialized using 'CodeIgniter\Session\Handlers\FileHandler' driver.
DEBUG - 2025-09-14 13:21:38 --> Session: Class initialized using 'CodeIgniter\Session\Handlers\FileHandler' driver.
DEBUG - 2025-09-14 13:22:13 --> Session: Class initialized using 'CodeIgniter\Session\Handlers\FileHandler' driver.
DEBUG - 2025-09-14 13:22:21 --> Session: Class initialized using 'CodeIgniter\Session\Handlers\FileHandler' driver.
DEBUG - 2025-09-14 13:22:21 --> Session: Class initialized using 'CodeIgniter\Session\Handlers\FileHandler' driver.
DEBUG - 2025-09-14 13:22:27 --> Session: Class initialized using 'CodeIgniter\Session\Handlers\FileHandler' driver.
DEBUG - 2025-09-14 13:22:28 --> Session: Class initialized using 'CodeIgniter\Session\Handlers\FileHandler' driver.
DEBUG - 2025-09-14 13:22:29 --> Session: Class initialized using 'CodeIgniter\Session\Handlers\FileHandler' driver.
DEBUG - 2025-09-14 13:22:29 --> Session: Class initialized using 'CodeIgniter\Session\Handlers\FileHandler' driver.
DEBUG - 2025-09-14 13:22:49 --> Session: Class initialized using 'CodeIgniter\Session\Handlers\FileHandler' driver.
INFO - 2025-09-14 13:22:49 --> TrafficLog Debug - URL: /index.php/shop/product/PRDK189, Title: Shop -  Index.php Shop Product PRDK189, Path: /index.php/shop/product/PRDK189
DEBUG - 2025-09-14 13:22:56 --> Session: Class initialized using 'CodeIgniter\Session\Handlers\FileHandler' driver.
INFO - 2025-09-14 13:22:56 --> TrafficLog Debug - URL: /index.php/shop/product/PRDK156, Title: Shop -  Index.php Shop Product PRDK156, Path: /index.php/shop/product/PRDK156
DEBUG - 2025-09-14 13:23:13 --> Session: Class initialized using 'CodeIgniter\Session\Handlers\FileHandler' driver.
DEBUG - 2025-09-14 13:24:13 --> Session: Class initialized using 'CodeIgniter\Session\Handlers\FileHandler' driver.
DEBUG - 2025-09-14 13:24:43 --> Session: Class initialized using 'CodeIgniter\Session\Handlers\FileHandler' driver.
INFO - 2025-09-14 13:24:43 --> TrafficLog Debug - URL: /index.php/shop, Title: Index.php Shop, Path: /index.php/shop
DEBUG - 2025-09-14 13:25:09 --> Session: Class initialized using 'CodeIgniter\Session\Handlers\FileHandler' driver.
INFO - 2025-09-14 13:25:09 --> TrafficLog Debug - URL: /index.php/shop/product/PRDK009, Title: Shop -  Index.php Shop Product PRDK009, Path: /index.php/shop/product/PRDK009
DEBUG - 2025-09-14 13:25:13 --> Session: Class initialized using 'CodeIgniter\Session\Handlers\FileHandler' driver.
DEBUG - 2025-09-14 13:25:36 --> Session: Class initialized using 'CodeIgniter\Session\Handlers\FileHandler' driver.
INFO - 2025-09-14 13:25:36 --> TrafficLog Debug - URL: /index.php/shop/product/PRDK017, Title: Shop -  Index.php Shop Product PRDK017, Path: /index.php/shop/product/PRDK017
DEBUG - 2025-09-14 13:26:14 --> Session: Class initialized using 'CodeIgniter\Session\Handlers\FileHandler' driver.
DEBUG - 2025-09-14 13:26:57 --> Session: Class initialized using 'CodeIgniter\Session\Handlers\FileHandler' driver.
INFO - 2025-09-14 13:26:57 --> TrafficLog Debug - URL: /index.php/shop/product/PRDK083, Title: Shop -  Index.php Shop Product PRDK083, Path: /index.php/shop/product/PRDK083
DEBUG - 2025-09-14 13:27:13 --> Session: Class initialized using 'CodeIgniter\Session\Handlers\FileHandler' driver.
DEBUG - 2025-09-14 13:27:45 --> Session: Class initialized using 'CodeIgniter\Session\Handlers\FileHandler' driver.
INFO - 2025-09-14 13:27:45 --> TrafficLog Debug - URL: /index.php/shop, Title: Index.php Shop, Path: /index.php/shop
DEBUG - 2025-09-14 13:28:13 --> Session: Class initialized using 'CodeIgniter\Session\Handlers\FileHandler' driver.
DEBUG - 2025-09-14 13:29:13 --> Session: Class initialized using 'CodeIgniter\Session\Handlers\FileHandler' driver.
DEBUG - 2025-09-14 13:30:03 --> Session: Class initialized using 'CodeIgniter\Session\Handlers\FileHandler' driver.
INFO - 2025-09-14 13:30:03 --> TrafficLog Debug - URL: /index.php/shop/product/PRDK018, Title: Shop -  Index.php Shop Product PRDK018, Path: /index.php/shop/product/PRDK018
DEBUG - 2025-09-14 13:30:13 --> Session: Class initialized using 'CodeIgniter\Session\Handlers\FileHandler' driver.
DEBUG - 2025-09-14 13:31:08 --> Session: Class initialized using 'CodeIgniter\Session\Handlers\FileHandler' driver.
INFO - 2025-09-14 13:31:08 --> TrafficLog Debug - URL: /index.php/shop, Title: Index.php Shop, Path: /index.php/shop
DEBUG - 2025-09-14 13:31:13 --> Session: Class initialized using 'CodeIgniter\Session\Handlers\FileHandler' driver.
DEBUG - 2025-09-14 13:31:44 --> Session: Class initialized using 'CodeIgniter\Session\Handlers\FileHandler' driver.
INFO - 2025-09-14 13:31:44 --> TrafficLog Debug - URL: /index.php/, Title: Index.php, Path: /index.php/
DEBUG - 2025-09-14 13:31:47 --> Session: Class initialized using 'CodeIgniter\Session\Handlers\FileHandler' driver.
DEBUG - 2025-09-14 13:31:51 --> Session: Class initialized using 'CodeIgniter\Session\Handlers\FileHandler' driver.
INFO - 2025-09-14 13:31:51 --> TrafficLog Debug - URL: /index.php/shop/product/PRDK114, Title: Shop -  Index.php Shop Product PRDK114, Path: /index.php/shop/product/PRDK114
DEBUG - 2025-09-14 13:32:13 --> Session: Class initialized using 'CodeIgniter\Session\Handlers\FileHandler' driver.
DEBUG - 2025-09-14 13:33:14 --> Session: Class initialized using 'CodeIgniter\Session\Handlers\FileHandler' driver.
DEBUG - 2025-09-14 13:33:56 --> Session: Class initialized using 'CodeIgniter\Session\Handlers\FileHandler' driver.
INFO - 2025-09-14 13:33:56 --> TrafficLog Debug - URL: /index.php/shop, Title: Index.php Shop, Path: /index.php/shop
DEBUG - 2025-09-14 13:34:17 --> Session: Class initialized using 'CodeIgniter\Session\Handlers\FileHandler' driver.
DEBUG - 2025-09-14 13:35:13 --> Session: Class initialized using 'CodeIgniter\Session\Handlers\FileHandler' driver.
DEBUG - 2025-09-14 13:36:13 --> Session: Class initialized using 'CodeIgniter\Session\Handlers\FileHandler' driver.
DEBUG - 2025-09-14 13:37:13 --> Session: Class initialized using 'CodeIgniter\Session\Handlers\FileHandler' driver.
DEBUG - 2025-09-14 13:37:14 --> Session: Class initialized using 'CodeIgniter\Session\Handlers\FileHandler' driver.
INFO - 2025-09-14 13:37:14 --> TrafficLog Debug - URL: /index.php/shop/product/PRDK016, Title: Shop -  Index.php Shop Product PRDK016, Path: /index.php/shop/product/PRDK016
DEBUG - 2025-09-14 13:38:13 --> Session: Class initialized using 'CodeIgniter\Session\Handlers\FileHandler' driver.
DEBUG - 2025-09-14 13:39:13 --> Session: Class initialized using 'CodeIgniter\Session\Handlers\FileHandler' driver.
DEBUG - 2025-09-14 13:39:38 --> Session: Class initialized using 'CodeIgniter\Session\Handlers\FileHandler' driver.
INFO - 2025-09-14 13:39:38 --> TrafficLog Debug - URL: /index.php/shop/product/PRDK173, Title: Shop -  Index.php Shop Product PRDK173, Path: /index.php/shop/product/PRDK173
DEBUG - 2025-09-14 13:40:13 --> Session: Class initialized using 'CodeIgniter\Session\Handlers\FileHandler' driver.
DEBUG - 2025-09-14 13:41:13 --> Session: Class initialized using 'CodeIgniter\Session\Handlers\FileHandler' driver.
DEBUG - 2025-09-14 13:42:13 --> Session: Class initialized using 'CodeIgniter\Session\Handlers\FileHandler' driver.
DEBUG - 2025-09-14 13:42:15 --> Session: Class initialized using 'CodeIgniter\Session\Handlers\FileHandler' driver.
INFO - 2025-09-14 13:42:15 --> TrafficLog Debug - URL: /index.php/shop/product/PRDK015, Title: Shop -  Index.php Shop Product PRDK015, Path: /index.php/shop/product/PRDK015
DEBUG - 2025-09-14 13:42:27 --> Session: Class initialized using 'CodeIgniter\Session\Handlers\FileHandler' driver.
INFO - 2025-09-14 13:42:27 --> TrafficLog Debug - URL: /index.php, Title: Index.php, Path: /index.php
DEBUG - 2025-09-14 13:43:13 --> Session: Class initialized using 'CodeIgniter\Session\Handlers\FileHandler' driver.
DEBUG - 2025-09-14 13:44:13 --> Session: Class initialized using 'CodeIgniter\Session\Handlers\FileHandler' driver.
DEBUG - 2025-09-14 13:45:13 --> Session: Class initialized using 'CodeIgniter\Session\Handlers\FileHandler' driver.
DEBUG - 2025-09-14 13:45:32 --> Session: Class initialized using 'CodeIgniter\Session\Handlers\FileHandler' driver.
INFO - 2025-09-14 13:45:32 --> TrafficLog Debug - URL: /index.php/shop/product/PRDK173, Title: Shop -  Index.php Shop Product PRDK173, Path: /index.php/shop/product/PRDK173
DEBUG - 2025-09-14 13:45:42 --> Session: Class initialized using 'CodeIgniter\Session\Handlers\FileHandler' driver.
INFO - 2025-09-14 13:45:42 --> TrafficLog Debug - URL: /index.php/shop/product/PRDK147, Title: Shop -  Index.php Shop Product PRDK147, Path: /index.php/shop/product/PRDK147
DEBUG - 2025-09-14 13:46:13 --> Session: Class initialized using 'CodeIgniter\Session\Handlers\FileHandler' driver.
DEBUG - 2025-09-14 13:47:13 --> Session: Class initialized using 'CodeIgniter\Session\Handlers\FileHandler' driver.
DEBUG - 2025-09-14 13:47:24 --> Session: Class initialized using 'CodeIgniter\Session\Handlers\FileHandler' driver.
INFO - 2025-09-14 13:47:24 --> TrafficLog Debug - URL: /index.php/shop/product/PRDK043, Title: Shop -  Index.php Shop Product PRDK043, Path: /index.php/shop/product/PRDK043
DEBUG - 2025-09-14 13:48:13 --> Session: Class initialized using 'CodeIgniter\Session\Handlers\FileHandler' driver.
DEBUG - 2025-09-14 13:48:26 --> Session: Class initialized using 'CodeIgniter\Session\Handlers\FileHandler' driver.
INFO - 2025-09-14 13:48:26 --> TrafficLog Debug - URL: /index.php/shop, Title: Index.php Shop, Path: /index.php/shop
DEBUG - 2025-09-14 13:49:13 --> Session: Class initialized using 'CodeIgniter\Session\Handlers\FileHandler' driver.
DEBUG - 2025-09-14 13:50:13 --> Session: Class initialized using 'CodeIgniter\Session\Handlers\FileHandler' driver.
DEBUG - 2025-09-14 13:50:14 --> Session: Class initialized using 'CodeIgniter\Session\Handlers\FileHandler' driver.
INFO - 2025-09-14 13:50:14 --> TrafficLog Debug - URL: /index.php/artikel, Title: Index.php Artikel, Path: /index.php/artikel
DEBUG - 2025-09-14 13:50:15 --> Session: Class initialized using 'CodeIgniter\Session\Handlers\FileHandler' driver.
DEBUG - 2025-09-14 13:50:45 --> Session: Class initialized using 'CodeIgniter\Session\Handlers\FileHandler' driver.
INFO - 2025-09-14 13:50:45 --> TrafficLog Debug - URL: /index.php/shop/product/PRDK004, Title: Shop -  Index.php Shop Product PRDK004, Path: /index.php/shop/product/PRDK004
DEBUG - 2025-09-14 13:51:14 --> Session: Class initialized using 'CodeIgniter\Session\Handlers\FileHandler' driver.
DEBUG - 2025-09-14 13:52:13 --> Session: Class initialized using 'CodeIgniter\Session\Handlers\FileHandler' driver.
DEBUG - 2025-09-14 13:52:17 --> Session: Class initialized using 'CodeIgniter\Session\Handlers\FileHandler' driver.
INFO - 2025-09-14 13:52:17 --> TrafficLog Debug - URL: /index.php/shop/product/PRDK051, Title: Shop -  Index.php Shop Product PRDK051, Path: /index.php/shop/product/PRDK051
DEBUG - 2025-09-14 13:53:13 --> Session: Class initialized using 'CodeIgniter\Session\Handlers\FileHandler' driver.
DEBUG - 2025-09-14 13:53:31 --> Session: Class initialized using 'CodeIgniter\Session\Handlers\FileHandler' driver.
INFO - 2025-09-14 13:53:31 --> TrafficLog Debug - URL: /index.php/shop/product/PRDK112, Title: Shop -  Index.php Shop Product PRDK112, Path: /index.php/shop/product/PRDK112
DEBUG - 2025-09-14 13:54:14 --> Session: Class initialized using 'CodeIgniter\Session\Handlers\FileHandler' driver.
DEBUG - 2025-09-14 13:55:13 --> Session: Class initialized using 'CodeIgniter\Session\Handlers\FileHandler' driver.
DEBUG - 2025-09-14 13:56:13 --> Session: Class initialized using 'CodeIgniter\Session\Handlers\FileHandler' driver.
DEBUG - 2025-09-14 13:56:13 --> Session: Class initialized using 'CodeIgniter\Session\Handlers\FileHandler' driver.
INFO - 2025-09-14 13:56:13 --> TrafficLog Debug - URL: /index.php/, Title: Index.php, Path: /index.php/
DEBUG - 2025-09-14 13:57:13 --> Session: Class initialized using 'CodeIgniter\Session\Handlers\FileHandler' driver.
DEBUG - 2025-09-14 13:58:13 --> Session: Class initialized using 'CodeIgniter\Session\Handlers\FileHandler' driver.
DEBUG - 2025-09-14 13:59:13 --> Session: Class initialized using 'CodeIgniter\Session\Handlers\FileHandler' driver.
DEBUG - 2025-09-14 13:59:41 --> Session: Class initialized using 'CodeIgniter\Session\Handlers\FileHandler' driver.
INFO - 2025-09-14 13:59:41 --> TrafficLog Debug - URL: /index.php, Title: Index.php, Path: /index.php
DEBUG - 2025-09-14 13:59:41 --> Session: Class initialized using 'CodeIgniter\Session\Handlers\FileHandler' driver.
DEBUG - 2025-09-14 14:00:05 --> Session: Class initialized using 'CodeIgniter\Session\Handlers\FileHandler' driver.
DEBUG - 2025-09-14 14:00:05 --> Session: Class initialized using 'CodeIgniter\Session\Handlers\FileHandler' driver.
DEBUG - 2025-09-14 14:00:07 --> Session: Class initialized using 'CodeIgniter\Session\Handlers\FileHandler' driver.
INFO - 2025-09-14 14:00:07 --> TrafficLog Debug - URL: /index.php/shop/product/PRDK017, Title: Shop -  Index.php Shop Product PRDK017, Path: /index.php/shop/product/PRDK017
DEBUG - 2025-09-14 14:00:13 --> Session: Class initialized using 'CodeIgniter\Session\Handlers\FileHandler' driver.
DEBUG - 2025-09-14 14:01:13 --> Session: Class initialized using 'CodeIgniter\Session\Handlers\FileHandler' driver.
DEBUG - 2025-09-14 14:01:58 --> Session: Class initialized using 'CodeIgniter\Session\Handlers\FileHandler' driver.
INFO - 2025-09-14 14:01:58 --> TrafficLog Debug - URL: /index.php/, Title: Index.php, Path: /index.php/
DEBUG - 2025-09-14 14:02:13 --> Session: Class initialized using 'CodeIgniter\Session\Handlers\FileHandler' driver.
DEBUG - 2025-09-14 14:03:14 --> Session: Class initialized using 'CodeIgniter\Session\Handlers\FileHandler' driver.
DEBUG - 2025-09-14 14:04:03 --> Session: Class initialized using 'CodeIgniter\Session\Handlers\FileHandler' driver.
INFO - 2025-09-14 14:04:03 --> TrafficLog Debug - URL: /index.php/shop, Title: Index.php Shop, Path: /index.php/shop
DEBUG - 2025-09-14 14:04:13 --> Session: Class initialized using 'CodeIgniter\Session\Handlers\FileHandler' driver.
DEBUG - 2025-09-14 14:05:13 --> Session: Class initialized using 'CodeIgniter\Session\Handlers\FileHandler' driver.
DEBUG - 2025-09-14 14:06:14 --> Session: Class initialized using 'CodeIgniter\Session\Handlers\FileHandler' driver.
DEBUG - 2025-09-14 14:07:13 --> Session: Class initialized using 'CodeIgniter\Session\Handlers\FileHandler' driver.
DEBUG - 2025-09-14 14:08:13 --> Session: Class initialized using 'CodeIgniter\Session\Handlers\FileHandler' driver.
DEBUG - 2025-09-14 14:08:19 --> Session: Class initialized using 'CodeIgniter\Session\Handlers\FileHandler' driver.
INFO - 2025-09-14 14:08:19 --> TrafficLog Debug - URL: /index.php/shop/product/PRDK050, Title: Shop -  Index.php Shop Product PRDK050, Path: /index.php/shop/product/PRDK050
DEBUG - 2025-09-14 14:09:14 --> Session: Class initialized using 'CodeIgniter\Session\Handlers\FileHandler' driver.
DEBUG - 2025-09-14 14:10:13 --> Session: Class initialized using 'CodeIgniter\Session\Handlers\FileHandler' driver.
DEBUG - 2025-09-14 14:11:13 --> Session: Class initialized using 'CodeIgniter\Session\Handlers\FileHandler' driver.
DEBUG - 2025-09-14 14:12:14 --> Session: Class initialized using 'CodeIgniter\Session\Handlers\FileHandler' driver.
DEBUG - 2025-09-14 14:12:23 --> Session: Class initialized using 'CodeIgniter\Session\Handlers\FileHandler' driver.
INFO - 2025-09-14 14:12:23 --> TrafficLog Debug - URL: /index.php/shop/product/PRDK039, Title: Shop -  Index.php Shop Product PRDK039, Path: /index.php/shop/product/PRDK039
DEBUG - 2025-09-14 14:13:13 --> Session: Class initialized using 'CodeIgniter\Session\Handlers\FileHandler' driver.
DEBUG - 2025-09-14 14:14:13 --> Session: Class initialized using 'CodeIgniter\Session\Handlers\FileHandler' driver.
DEBUG - 2025-09-14 14:15:13 --> Session: Class initialized using 'CodeIgniter\Session\Handlers\FileHandler' driver.
DEBUG - 2025-09-14 14:16:13 --> Session: Class initialized using 'CodeIgniter\Session\Handlers\FileHandler' driver.
DEBUG - 2025-09-14 14:16:33 --> Session: Class initialized using 'CodeIgniter\Session\Handlers\FileHandler' driver.
INFO - 2025-09-14 14:16:33 --> TrafficLog Debug - URL: /index.php/shop/product/PRDK049, Title: Shop -  Index.php Shop Product PRDK049, Path: /index.php/shop/product/PRDK049
DEBUG - 2025-09-14 14:17:13 --> Session: Class initialized using 'CodeIgniter\Session\Handlers\FileHandler' driver.
DEBUG - 2025-09-14 14:18:13 --> Session: Class initialized using 'CodeIgniter\Session\Handlers\FileHandler' driver.
DEBUG - 2025-09-14 14:19:13 --> Session: Class initialized using 'CodeIgniter\Session\Handlers\FileHandler' driver.
DEBUG - 2025-09-14 14:20:13 --> Session: Class initialized using 'CodeIgniter\Session\Handlers\FileHandler' driver.
DEBUG - 2025-09-14 14:20:28 --> Session: Class initialized using 'CodeIgniter\Session\Handlers\FileHandler' driver.
INFO - 2025-09-14 14:20:28 --> TrafficLog Debug - URL: /index.php/shop/product/PRDK158, Title: Shop -  Index.php Shop Product PRDK158, Path: /index.php/shop/product/PRDK158
DEBUG - 2025-09-14 14:21:13 --> Session: Class initialized using 'CodeIgniter\Session\Handlers\FileHandler' driver.
DEBUG - 2025-09-14 14:21:30 --> Session: Class initialized using 'CodeIgniter\Session\Handlers\FileHandler' driver.
INFO - 2025-09-14 14:21:30 --> TrafficLog Debug - URL: /index.php, Title: Index.php, Path: /index.php
DEBUG - 2025-09-14 14:21:32 --> Session: Class initialized using 'CodeIgniter\Session\Handlers\FileHandler' driver.
INFO - 2025-09-14 14:21:32 --> TrafficLog Debug - URL: /index.php, Title: Index.php, Path: /index.php
DEBUG - 2025-09-14 14:22:13 --> Session: Class initialized using 'CodeIgniter\Session\Handlers\FileHandler' driver.
DEBUG - 2025-09-14 14:22:54 --> Session: Class initialized using 'CodeIgniter\Session\Handlers\FileHandler' driver.
INFO - 2025-09-14 14:22:54 --> TrafficLog Debug - URL: /index.php/, Title: Index.php, Path: /index.php/
DEBUG - 2025-09-14 14:23:13 --> Session: Class initialized using 'CodeIgniter\Session\Handlers\FileHandler' driver.
DEBUG - 2025-09-14 14:24:13 --> Session: Class initialized using 'CodeIgniter\Session\Handlers\FileHandler' driver.
DEBUG - 2025-09-14 14:25:01 --> Session: Class initialized using 'CodeIgniter\Session\Handlers\FileHandler' driver.
INFO - 2025-09-14 14:25:01 --> TrafficLog Debug - URL: /index.php/shop/product/PRDK179, Title: Shop -  Index.php Shop Product PRDK179, Path: /index.php/shop/product/PRDK179
DEBUG - 2025-09-14 14:25:13 --> Session: Class initialized using 'CodeIgniter\Session\Handlers\FileHandler' driver.
DEBUG - 2025-09-14 14:26:13 --> Session: Class initialized using 'CodeIgniter\Session\Handlers\FileHandler' driver.
DEBUG - 2025-09-14 14:27:13 --> Session: Class initialized using 'CodeIgniter\Session\Handlers\FileHandler' driver.
DEBUG - 2025-09-14 14:28:13 --> Session: Class initialized using 'CodeIgniter\Session\Handlers\FileHandler' driver.
DEBUG - 2025-09-14 14:29:11 --> Session: Class initialized using 'CodeIgniter\Session\Handlers\FileHandler' driver.
INFO - 2025-09-14 14:29:11 --> TrafficLog Debug - URL: /index.php/shop, Title: Index.php Shop, Path: /index.php/shop
DEBUG - 2025-09-14 14:29:13 --> Session: Class initialized using 'CodeIgniter\Session\Handlers\FileHandler' driver.
DEBUG - 2025-09-14 14:30:13 --> Session: Class initialized using 'CodeIgniter\Session\Handlers\FileHandler' driver.
DEBUG - 2025-09-14 14:31:13 --> Session: Class initialized using 'CodeIgniter\Session\Handlers\FileHandler' driver.
DEBUG - 2025-09-14 14:32:14 --> Session: Class initialized using 'CodeIgniter\Session\Handlers\FileHandler' driver.
DEBUG - 2025-09-14 14:32:14 --> Session: Class initialized using 'CodeIgniter\Session\Handlers\FileHandler' driver.
INFO - 2025-09-14 14:32:14 --> TrafficLog Debug - URL: /index.php/, Title: Index.php, Path: /index.php/
DEBUG - 2025-09-14 14:33:13 --> Session: Class initialized using 'CodeIgniter\Session\Handlers\FileHandler' driver.
DEBUG - 2025-09-14 14:33:29 --> Session: Class initialized using 'CodeIgniter\Session\Handlers\FileHandler' driver.
INFO - 2025-09-14 14:33:29 --> TrafficLog Debug - URL: /index.php/shop/product/PRDK075, Title: Shop -  Index.php Shop Product PRDK075, Path: /index.php/shop/product/PRDK075
DEBUG - 2025-09-14 14:34:15 --> Session: Class initialized using 'CodeIgniter\Session\Handlers\FileHandler' driver.
DEBUG - 2025-09-14 14:35:13 --> Session: Class initialized using 'CodeIgniter\Session\Handlers\FileHandler' driver.
DEBUG - 2025-09-14 14:36:13 --> Session: Class initialized using 'CodeIgniter\Session\Handlers\FileHandler' driver.
DEBUG - 2025-09-14 14:37:13 --> Session: Class initialized using 'CodeIgniter\Session\Handlers\FileHandler' driver.
DEBUG - 2025-09-14 14:38:10 --> Session: Class initialized using 'CodeIgniter\Session\Handlers\FileHandler' driver.
INFO - 2025-09-14 14:38:10 --> TrafficLog Debug - URL: /index.php/shop/product/PRDK027, Title: Shop -  Index.php Shop Product PRDK027, Path: /index.php/shop/product/PRDK027
DEBUG - 2025-09-14 14:38:16 --> Session: Class initialized using 'CodeIgniter\Session\Handlers\FileHandler' driver.
DEBUG - 2025-09-14 14:39:13 --> Session: Class initialized using 'CodeIgniter\Session\Handlers\FileHandler' driver.
DEBUG - 2025-09-14 14:39:49 --> Session: Class initialized using 'CodeIgniter\Session\Handlers\FileHandler' driver.
INFO - 2025-09-14 14:39:49 --> TrafficLog Debug - URL: /index.php/shop, Title: Index.php Shop, Path: /index.php/shop
DEBUG - 2025-09-14 14:40:13 --> Session: Class initialized using 'CodeIgniter\Session\Handlers\FileHandler' driver.
DEBUG - 2025-09-14 14:41:13 --> Session: Class initialized using 'CodeIgniter\Session\Handlers\FileHandler' driver.
DEBUG - 2025-09-14 14:42:13 --> Session: Class initialized using 'CodeIgniter\Session\Handlers\FileHandler' driver.
DEBUG - 2025-09-14 14:42:20 --> Session: Class initialized using 'CodeIgniter\Session\Handlers\FileHandler' driver.
INFO - 2025-09-14 14:42:20 --> TrafficLog Debug - URL: /index.php/shop/product/PRDK103, Title: Shop -  Index.php Shop Product PRDK103, Path: /index.php/shop/product/PRDK103
DEBUG - 2025-09-14 14:43:13 --> Session: Class initialized using 'CodeIgniter\Session\Handlers\FileHandler' driver.
DEBUG - 2025-09-14 14:44:13 --> Session: Class initialized using 'CodeIgniter\Session\Handlers\FileHandler' driver.
DEBUG - 2025-09-14 14:45:13 --> Session: Class initialized using 'CodeIgniter\Session\Handlers\FileHandler' driver.
DEBUG - 2025-09-14 14:46:13 --> Session: Class initialized using 'CodeIgniter\Session\Handlers\FileHandler' driver.
DEBUG - 2025-09-14 14:46:40 --> Session: Class initialized using 'CodeIgniter\Session\Handlers\FileHandler' driver.
INFO - 2025-09-14 14:46:40 --> TrafficLog Debug - URL: /index.php/shop, Title: Index.php Shop, Path: /index.php/shop
DEBUG - 2025-09-14 14:47:15 --> Session: Class initialized using 'CodeIgniter\Session\Handlers\FileHandler' driver.
DEBUG - 2025-09-14 14:48:13 --> Session: Class initialized using 'CodeIgniter\Session\Handlers\FileHandler' driver.
DEBUG - 2025-09-14 14:49:13 --> Session: Class initialized using 'CodeIgniter\Session\Handlers\FileHandler' driver.
DEBUG - 2025-09-14 14:50:14 --> Session: Class initialized using 'CodeIgniter\Session\Handlers\FileHandler' driver.
DEBUG - 2025-09-14 14:51:13 --> Session: Class initialized using 'CodeIgniter\Session\Handlers\FileHandler' driver.
DEBUG - 2025-09-14 14:52:13 --> Session: Class initialized using 'CodeIgniter\Session\Handlers\FileHandler' driver.
DEBUG - 2025-09-14 14:53:13 --> Session: Class initialized using 'CodeIgniter\Session\Handlers\FileHandler' driver.
DEBUG - 2025-09-14 14:54:02 --> Session: Class initialized using 'CodeIgniter\Session\Handlers\FileHandler' driver.
INFO - 2025-09-14 14:54:02 --> TrafficLog Debug - URL: /index.php/shop/product/PRDK026, Title: Shop -  Index.php Shop Product PRDK026, Path: /index.php/shop/product/PRDK026
DEBUG - 2025-09-14 14:54:13 --> Session: Class initialized using 'CodeIgniter\Session\Handlers\FileHandler' driver.
DEBUG - 2025-09-14 14:54:51 --> Session: Class initialized using 'CodeIgniter\Session\Handlers\FileHandler' driver.
INFO - 2025-09-14 14:54:51 --> TrafficLog Debug - URL: /index.php/, Title: Index.php, Path: /index.php/
DEBUG - 2025-09-14 14:55:13 --> Session: Class initialized using 'CodeIgniter\Session\Handlers\FileHandler' driver.
DEBUG - 2025-09-14 14:56:14 --> Session: Class initialized using 'CodeIgniter\Session\Handlers\FileHandler' driver.
DEBUG - 2025-09-14 14:57:14 --> Session: Class initialized using 'CodeIgniter\Session\Handlers\FileHandler' driver.
DEBUG - 2025-09-14 14:58:14 --> Session: Class initialized using 'CodeIgniter\Session\Handlers\FileHandler' driver.
DEBUG - 2025-09-14 14:59:13 --> Session: Class initialized using 'CodeIgniter\Session\Handlers\FileHandler' driver.
DEBUG - 2025-09-14 14:59:31 --> Session: Class initialized using 'CodeIgniter\Session\Handlers\FileHandler' driver.
INFO - 2025-09-14 14:59:31 --> TrafficLog Debug - URL: /index.php/shop/product/PRDK028, Title: Shop -  Index.php Shop Product PRDK028, Path: /index.php/shop/product/PRDK028
DEBUG - 2025-09-14 14:59:54 --> Session: Class initialized using 'CodeIgniter\Session\Handlers\FileHandler' driver.
INFO - 2025-09-14 14:59:54 --> TrafficLog Debug - URL: /index.php/shop, Title: Index.php Shop, Path: /index.php/shop
DEBUG - 2025-09-14 15:00:13 --> Session: Class initialized using 'CodeIgniter\Session\Handlers\FileHandler' driver.
DEBUG - 2025-09-14 15:01:13 --> Session: Class initialized using 'CodeIgniter\Session\Handlers\FileHandler' driver.
DEBUG - 2025-09-14 15:01:39 --> Session: Class initialized using 'CodeIgniter\Session\Handlers\FileHandler' driver.
INFO - 2025-09-14 15:01:39 --> TrafficLog Debug - URL: /index.php/cart, Title: Index.php Cart, Path: /index.php/cart
DEBUG - 2025-09-14 15:02:00 --> Session: Class initialized using 'CodeIgniter\Session\Handlers\FileHandler' driver.
INFO - 2025-09-14 15:02:00 --> TrafficLog Debug - URL: /index.php/, Title: Index.php, Path: /index.php/
DEBUG - 2025-09-14 15:02:13 --> Session: Class initialized using 'CodeIgniter\Session\Handlers\FileHandler' driver.
DEBUG - 2025-09-14 15:02:17 --> Session: Class initialized using 'CodeIgniter\Session\Handlers\FileHandler' driver.
INFO - 2025-09-14 15:02:17 --> TrafficLog Debug - URL: /index.php/, Title: Index.php, Path: /index.php/
DEBUG - 2025-09-14 15:03:10 --> Session: Class initialized using 'CodeIgniter\Session\Handlers\FileHandler' driver.
DEBUG - 2025-09-14 15:03:13 --> Session: Class initialized using 'CodeIgniter\Session\Handlers\FileHandler' driver.
DEBUG - 2025-09-14 15:04:14 --> Session: Class initialized using 'CodeIgniter\Session\Handlers\FileHandler' driver.
DEBUG - 2025-09-14 15:04:20 --> Session: Class initialized using 'CodeIgniter\Session\Handlers\FileHandler' driver.
INFO - 2025-09-14 15:04:20 --> TrafficLog Debug - URL: /index.php/shop/product/PRDK101, Title: Shop -  Index.php Shop Product PRDK101, Path: /index.php/shop/product/PRDK101
DEBUG - 2025-09-14 15:05:14 --> Session: Class initialized using 'CodeIgniter\Session\Handlers\FileHandler' driver.
DEBUG - 2025-09-14 15:05:51 --> Session: Class initialized using 'CodeIgniter\Session\Handlers\FileHandler' driver.
INFO - 2025-09-14 15:05:51 --> TrafficLog Debug - URL: /index.php/shop, Title: Index.php Shop, Path: /index.php/shop
DEBUG - 2025-09-14 15:06:13 --> Session: Class initialized using 'CodeIgniter\Session\Handlers\FileHandler' driver.
DEBUG - 2025-09-14 15:07:13 --> Session: Class initialized using 'CodeIgniter\Session\Handlers\FileHandler' driver.
DEBUG - 2025-09-14 15:07:25 --> Session: Class initialized using 'CodeIgniter\Session\Handlers\FileHandler' driver.
INFO - 2025-09-14 15:07:25 --> TrafficLog Debug - URL: /index.php/shop, Title: Index.php Shop, Path: /index.php/shop
DEBUG - 2025-09-14 15:07:51 --> Session: Class initialized using 'CodeIgniter\Session\Handlers\FileHandler' driver.
INFO - 2025-09-14 15:07:51 --> TrafficLog Debug - URL: /index.php/shop/product/PRDK078, Title: Shop -  Index.php Shop Product PRDK078, Path: /index.php/shop/product/PRDK078
DEBUG - 2025-09-14 15:08:13 --> Session: Class initialized using 'CodeIgniter\Session\Handlers\FileHandler' driver.
DEBUG - 2025-09-14 15:09:13 --> Session: Class initialized using 'CodeIgniter\Session\Handlers\FileHandler' driver.
DEBUG - 2025-09-14 15:09:17 --> Session: Class initialized using 'CodeIgniter\Session\Handlers\FileHandler' driver.
INFO - 2025-09-14 15:09:17 --> TrafficLog Debug - URL: /index.php/shop, Title: Index.php Shop, Path: /index.php/shop
DEBUG - 2025-09-14 15:10:13 --> Session: Class initialized using 'CodeIgniter\Session\Handlers\FileHandler' driver.
DEBUG - 2025-09-14 15:11:13 --> Session: Class initialized using 'CodeIgniter\Session\Handlers\FileHandler' driver.
DEBUG - 2025-09-14 15:11:21 --> Session: Class initialized using 'CodeIgniter\Session\Handlers\FileHandler' driver.
INFO - 2025-09-14 15:11:21 --> TrafficLog Debug - URL: /index.php/shop, Title: Index.php Shop, Path: /index.php/shop
DEBUG - 2025-09-14 15:11:29 --> Session: Class initialized using 'CodeIgniter\Session\Handlers\FileHandler' driver.
INFO - 2025-09-14 15:11:29 --> TrafficLog Debug - URL: /index.php/shop, Title: Index.php Shop, Path: /index.php/shop
DEBUG - 2025-09-14 15:12:13 --> Session: Class initialized using 'CodeIgniter\Session\Handlers\FileHandler' driver.
DEBUG - 2025-09-14 15:12:32 --> Session: Class initialized using 'CodeIgniter\Session\Handlers\FileHandler' driver.
INFO - 2025-09-14 15:12:32 --> TrafficLog Debug - URL: /index.php/, Title: Index.php, Path: /index.php/
DEBUG - 2025-09-14 15:13:13 --> Session: Class initialized using 'CodeIgniter\Session\Handlers\FileHandler' driver.
DEBUG - 2025-09-14 15:13:57 --> Session: Class initialized using 'CodeIgniter\Session\Handlers\FileHandler' driver.
INFO - 2025-09-14 15:13:57 --> TrafficLog Debug - URL: /index.php/shop/product/PRDK095, Title: Shop -  Index.php Shop Product PRDK095, Path: /index.php/shop/product/PRDK095
DEBUG - 2025-09-14 15:14:13 --> Session: Class initialized using 'CodeIgniter\Session\Handlers\FileHandler' driver.
DEBUG - 2025-09-14 15:15:14 --> Session: Class initialized using 'CodeIgniter\Session\Handlers\FileHandler' driver.
DEBUG - 2025-09-14 15:16:04 --> Session: Class initialized using 'CodeIgniter\Session\Handlers\FileHandler' driver.
INFO - 2025-09-14 15:16:04 --> TrafficLog Debug - URL: /index.php/shop/product/PRDK178, Title: Shop -  Index.php Shop Product PRDK178, Path: /index.php/shop/product/PRDK178
DEBUG - 2025-09-14 15:16:13 --> Session: Class initialized using 'CodeIgniter\Session\Handlers\FileHandler' driver.
DEBUG - 2025-09-14 15:17:24 --> Session: Class initialized using 'CodeIgniter\Session\Handlers\FileHandler' driver.
DEBUG - 2025-09-14 15:17:45 --> Session: Class initialized using 'CodeIgniter\Session\Handlers\FileHandler' driver.
INFO - 2025-09-14 15:17:45 --> TrafficLog Debug - URL: /index.php/, Title: Index.php, Path: /index.php/
DEBUG - 2025-09-14 15:18:13 --> Session: Class initialized using 'CodeIgniter\Session\Handlers\FileHandler' driver.
DEBUG - 2025-09-14 15:18:35 --> Session: Class initialized using 'CodeIgniter\Session\Handlers\FileHandler' driver.
INFO - 2025-09-14 15:18:35 --> TrafficLog Debug - URL: /index.php/shop/product/PRDK079, Title: Shop -  Index.php Shop Product PRDK079, Path: /index.php/shop/product/PRDK079
DEBUG - 2025-09-14 15:19:05 --> Session: Class initialized using 'CodeIgniter\Session\Handlers\FileHandler' driver.
INFO - 2025-09-14 15:19:05 --> TrafficLog Debug - URL: /index.php/artikel/cerita-unik-di-balik-bunga-yang-terkenal, Title: Index.php Artikel Cerita Unik Di Balik Bunga Yang Terkenal, Path: /index.php/artikel/cerita-unik-di-balik-bunga-yang-terkenal
DEBUG - 2025-09-14 15:19:13 --> Session: Class initialized using 'CodeIgniter\Session\Handlers\FileHandler' driver.
DEBUG - 2025-09-14 15:20:05 --> Session: Class initialized using 'CodeIgniter\Session\Handlers\FileHandler' driver.
INFO - 2025-09-14 15:20:05 --> TrafficLog Debug - URL: /index.php, Title: Index.php, Path: /index.php
DEBUG - 2025-09-14 15:20:13 --> Session: Class initialized using 'CodeIgniter\Session\Handlers\FileHandler' driver.
DEBUG - 2025-09-14 15:21:13 --> Session: Class initialized using 'CodeIgniter\Session\Handlers\FileHandler' driver.
DEBUG - 2025-09-14 15:21:58 --> Session: Class initialized using 'CodeIgniter\Session\Handlers\FileHandler' driver.
INFO - 2025-09-14 15:21:58 --> TrafficLog Debug - URL: /index.php/shop/product/PRDK182, Title: Shop -  Index.php Shop Product PRDK182, Path: /index.php/shop/product/PRDK182
DEBUG - 2025-09-14 15:22:13 --> Session: Class initialized using 'CodeIgniter\Session\Handlers\FileHandler' driver.
DEBUG - 2025-09-14 15:23:00 --> Session: Class initialized using 'CodeIgniter\Session\Handlers\FileHandler' driver.
INFO - 2025-09-14 15:23:00 --> TrafficLog Debug - URL: /index.php/shop/product/PRDK096, Title: Shop -  Index.php Shop Product PRDK096, Path: /index.php/shop/product/PRDK096
DEBUG - 2025-09-14 15:23:13 --> Session: Class initialized using 'CodeIgniter\Session\Handlers\FileHandler' driver.
DEBUG - 2025-09-14 15:24:13 --> Session: Class initialized using 'CodeIgniter\Session\Handlers\FileHandler' driver.
DEBUG - 2025-09-14 15:25:13 --> Session: Class initialized using 'CodeIgniter\Session\Handlers\FileHandler' driver.
DEBUG - 2025-09-14 15:26:13 --> Session: Class initialized using 'CodeIgniter\Session\Handlers\FileHandler' driver.
DEBUG - 2025-09-14 15:26:44 --> Session: Class initialized using 'CodeIgniter\Session\Handlers\FileHandler' driver.
INFO - 2025-09-14 15:26:44 --> TrafficLog Debug - URL: /index.php/shop, Title: Index.php Shop, Path: /index.php/shop
DEBUG - 2025-09-14 15:27:13 --> Session: Class initialized using 'CodeIgniter\Session\Handlers\FileHandler' driver.
DEBUG - 2025-09-14 15:27:36 --> Session: Class initialized using 'CodeIgniter\Session\Handlers\FileHandler' driver.
INFO - 2025-09-14 15:27:36 --> TrafficLog Debug - URL: /index.php/shop/product/PRDK024, Title: Shop -  Index.php Shop Product PRDK024, Path: /index.php/shop/product/PRDK024
DEBUG - 2025-09-14 15:27:51 --> Session: Class initialized using 'CodeIgniter\Session\Handlers\FileHandler' driver.
INFO - 2025-09-14 15:27:51 --> TrafficLog Debug - URL: /index.php/shop/product/PRDK147, Title: Shop -  Index.php Shop Product PRDK147, Path: /index.php/shop/product/PRDK147
DEBUG - 2025-09-14 15:28:13 --> Session: Class initialized using 'CodeIgniter\Session\Handlers\FileHandler' driver.
DEBUG - 2025-09-14 15:28:41 --> Session: Class initialized using 'CodeIgniter\Session\Handlers\FileHandler' driver.
INFO - 2025-09-14 15:28:41 --> TrafficLog Debug - URL: /index.php/, Title: Index.php, Path: /index.php/
DEBUG - 2025-09-14 15:29:13 --> Session: Class initialized using 'CodeIgniter\Session\Handlers\FileHandler' driver.
DEBUG - 2025-09-14 15:30:13 --> Session: Class initialized using 'CodeIgniter\Session\Handlers\FileHandler' driver.
DEBUG - 2025-09-14 15:31:13 --> Session: Class initialized using 'CodeIgniter\Session\Handlers\FileHandler' driver.
DEBUG - 2025-09-14 15:32:13 --> Session: Class initialized using 'CodeIgniter\Session\Handlers\FileHandler' driver.
DEBUG - 2025-09-14 15:32:38 --> Session: Class initialized using 'CodeIgniter\Session\Handlers\FileHandler' driver.
INFO - 2025-09-14 15:32:38 --> TrafficLog Debug - URL: /index.php/shop/product/PRDK048, Title: Shop -  Index.php Shop Product PRDK048, Path: /index.php/shop/product/PRDK048
DEBUG - 2025-09-14 15:33:13 --> Session: Class initialized using 'CodeIgniter\Session\Handlers\FileHandler' driver.
DEBUG - 2025-09-14 15:34:13 --> Session: Class initialized using 'CodeIgniter\Session\Handlers\FileHandler' driver.
DEBUG - 2025-09-14 15:35:13 --> Session: Class initialized using 'CodeIgniter\Session\Handlers\FileHandler' driver.
DEBUG - 2025-09-14 15:36:13 --> Session: Class initialized using 'CodeIgniter\Session\Handlers\FileHandler' driver.
DEBUG - 2025-09-14 15:37:13 --> Session: Class initialized using 'CodeIgniter\Session\Handlers\FileHandler' driver.
DEBUG - 2025-09-14 15:37:40 --> Session: Class initialized using 'CodeIgniter\Session\Handlers\FileHandler' driver.
INFO - 2025-09-14 15:37:40 --> TrafficLog Debug - URL: /index.php/shop/product/PRDK059, Title: Shop -  Index.php Shop Product PRDK059, Path: /index.php/shop/product/PRDK059
DEBUG - 2025-09-14 15:38:13 --> Session: Class initialized using 'CodeIgniter\Session\Handlers\FileHandler' driver.
DEBUG - 2025-09-14 15:38:33 --> Session: Class initialized using 'CodeIgniter\Session\Handlers\FileHandler' driver.
INFO - 2025-09-14 15:38:33 --> TrafficLog Debug - URL: /index.php/shop, Title: Index.php Shop, Path: /index.php/shop
DEBUG - 2025-09-14 15:39:13 --> Session: Class initialized using 'CodeIgniter\Session\Handlers\FileHandler' driver.
DEBUG - 2025-09-14 15:40:13 --> Session: Class initialized using 'CodeIgniter\Session\Handlers\FileHandler' driver.
DEBUG - 2025-09-14 15:41:13 --> Session: Class initialized using 'CodeIgniter\Session\Handlers\FileHandler' driver.
DEBUG - 2025-09-14 15:42:04 --> Session: Class initialized using 'CodeIgniter\Session\Handlers\FileHandler' driver.
INFO - 2025-09-14 15:42:04 --> TrafficLog Debug - URL: /index.php/shop/product/PRDK125, Title: Shop -  Index.php Shop Product PRDK125, Path: /index.php/shop/product/PRDK125
DEBUG - 2025-09-14 15:42:13 --> Session: Class initialized using 'CodeIgniter\Session\Handlers\FileHandler' driver.
DEBUG - 2025-09-14 15:43:13 --> Session: Class initialized using 'CodeIgniter\Session\Handlers\FileHandler' driver.
DEBUG - 2025-09-14 15:43:18 --> Session: Class initialized using 'CodeIgniter\Session\Handlers\FileHandler' driver.
INFO - 2025-09-14 15:43:18 --> TrafficLog Debug - URL: /index.php, Title: Index.php, Path: /index.php
DEBUG - 2025-09-14 15:43:18 --> Session: Class initialized using 'CodeIgniter\Session\Handlers\FileHandler' driver.
DEBUG - 2025-09-14 15:44:00 --> Session: Class initialized using 'CodeIgniter\Session\Handlers\FileHandler' driver.
DEBUG - 2025-09-14 15:44:01 --> Session: Class initialized using 'CodeIgniter\Session\Handlers\FileHandler' driver.
DEBUG - 2025-09-14 15:44:13 --> Session: Class initialized using 'CodeIgniter\Session\Handlers\FileHandler' driver.
DEBUG - 2025-09-14 15:44:21 --> Session: Class initialized using 'CodeIgniter\Session\Handlers\FileHandler' driver.
DEBUG - 2025-09-14 15:44:21 --> Session: Class initialized using 'CodeIgniter\Session\Handlers\FileHandler' driver.
DEBUG - 2025-09-14 15:44:33 --> Session: Class initialized using 'CodeIgniter\Session\Handlers\FileHandler' driver.
DEBUG - 2025-09-14 15:44:33 --> Session: Class initialized using 'CodeIgniter\Session\Handlers\FileHandler' driver.
DEBUG - 2025-09-14 15:44:43 --> Session: Class initialized using 'CodeIgniter\Session\Handlers\FileHandler' driver.
DEBUG - 2025-09-14 15:44:44 --> Session: Class initialized using 'CodeIgniter\Session\Handlers\FileHandler' driver.
DEBUG - 2025-09-14 15:44:49 --> Session: Class initialized using 'CodeIgniter\Session\Handlers\FileHandler' driver.
DEBUG - 2025-09-14 15:44:49 --> Session: Class initialized using 'CodeIgniter\Session\Handlers\FileHandler' driver.
DEBUG - 2025-09-14 15:45:03 --> Session: Class initialized using 'CodeIgniter\Session\Handlers\FileHandler' driver.
DEBUG - 2025-09-14 15:45:03 --> Session: Class initialized using 'CodeIgniter\Session\Handlers\FileHandler' driver.
DEBUG - 2025-09-14 15:45:13 --> Session: Class initialized using 'CodeIgniter\Session\Handlers\FileHandler' driver.
DEBUG - 2025-09-14 15:45:13 --> Session: Class initialized using 'CodeIgniter\Session\Handlers\FileHandler' driver.
DEBUG - 2025-09-14 15:45:13 --> Session: Class initialized using 'CodeIgniter\Session\Handlers\FileHandler' driver.
DEBUG - 2025-09-14 15:45:23 --> Session: Class initialized using 'CodeIgniter\Session\Handlers\FileHandler' driver.
DEBUG - 2025-09-14 15:45:23 --> Session: Class initialized using 'CodeIgniter\Session\Handlers\FileHandler' driver.
DEBUG - 2025-09-14 15:45:45 --> Session: Class initialized using 'CodeIgniter\Session\Handlers\FileHandler' driver.
DEBUG - 2025-09-14 15:45:45 --> Session: Class initialized using 'CodeIgniter\Session\Handlers\FileHandler' driver.
DEBUG - 2025-09-14 15:45:54 --> Session: Class initialized using 'CodeIgniter\Session\Handlers\FileHandler' driver.
DEBUG - 2025-09-14 15:45:55 --> Session: Class initialized using 'CodeIgniter\Session\Handlers\FileHandler' driver.
DEBUG - 2025-09-14 15:46:08 --> Session: Class initialized using 'CodeIgniter\Session\Handlers\FileHandler' driver.
DEBUG - 2025-09-14 15:46:08 --> Session: Class initialized using 'CodeIgniter\Session\Handlers\FileHandler' driver.
DEBUG - 2025-09-14 15:46:13 --> Session: Class initialized using 'CodeIgniter\Session\Handlers\FileHandler' driver.
DEBUG - 2025-09-14 15:46:15 --> Session: Class initialized using 'CodeIgniter\Session\Handlers\FileHandler' driver.
DEBUG - 2025-09-14 15:46:16 --> Session: Class initialized using 'CodeIgniter\Session\Handlers\FileHandler' driver.
DEBUG - 2025-09-14 15:46:18 --> Session: Class initialized using 'CodeIgniter\Session\Handlers\FileHandler' driver.
INFO - 2025-09-14 15:46:18 --> TrafficLog Debug - URL: /index.php/shop/product/PRDK102, Title: Shop -  Index.php Shop Product PRDK102, Path: /index.php/shop/product/PRDK102
DEBUG - 2025-09-14 15:46:22 --> Session: Class initialized using 'CodeIgniter\Session\Handlers\FileHandler' driver.
DEBUG - 2025-09-14 15:46:22 --> Session: Class initialized using 'CodeIgniter\Session\Handlers\FileHandler' driver.
DEBUG - 2025-09-14 15:47:13 --> Session: Class initialized using 'CodeIgniter\Session\Handlers\FileHandler' driver.
DEBUG - 2025-09-14 15:48:13 --> Session: Class initialized using 'CodeIgniter\Session\Handlers\FileHandler' driver.
DEBUG - 2025-09-14 15:49:01 --> Session: Class initialized using 'CodeIgniter\Session\Handlers\FileHandler' driver.
INFO - 2025-09-14 15:49:01 --> TrafficLog Debug - URL: /index.php/, Title: Index.php, Path: /index.php/
DEBUG - 2025-09-14 15:49:02 --> Session: Class initialized using 'CodeIgniter\Session\Handlers\FileHandler' driver.
INFO - 2025-09-14 15:49:02 --> TrafficLog Debug - URL: /index.php/, Title: Index.php, Path: /index.php/
DEBUG - 2025-09-14 15:49:02 --> Session: Class initialized using 'CodeIgniter\Session\Handlers\FileHandler' driver.
INFO - 2025-09-14 15:49:02 --> TrafficLog Debug - URL: /index.php/, Title: Index.php, Path: /index.php/
DEBUG - 2025-09-14 15:49:03 --> Session: Class initialized using 'CodeIgniter\Session\Handlers\FileHandler' driver.
INFO - 2025-09-14 15:49:03 --> TrafficLog Debug - URL: /index.php/, Title: Index.php, Path: /index.php/
DEBUG - 2025-09-14 15:49:13 --> Session: Class initialized using 'CodeIgniter\Session\Handlers\FileHandler' driver.
DEBUG - 2025-09-14 15:50:13 --> Session: Class initialized using 'CodeIgniter\Session\Handlers\FileHandler' driver.
DEBUG - 2025-09-14 15:50:55 --> Session: Class initialized using 'CodeIgniter\Session\Handlers\FileHandler' driver.
INFO - 2025-09-14 15:50:55 --> TrafficLog Debug - URL: /index.php/shop, Title: Index.php Shop, Path: /index.php/shop
DEBUG - 2025-09-14 15:51:13 --> Session: Class initialized using 'CodeIgniter\Session\Handlers\FileHandler' driver.
DEBUG - 2025-09-14 15:52:13 --> Session: Class initialized using 'CodeIgniter\Session\Handlers\FileHandler' driver.
DEBUG - 2025-09-14 15:53:13 --> Session: Class initialized using 'CodeIgniter\Session\Handlers\FileHandler' driver.
DEBUG - 2025-09-14 15:54:14 --> Session: Class initialized using 'CodeIgniter\Session\Handlers\FileHandler' driver.
DEBUG - 2025-09-14 15:55:13 --> Session: Class initialized using 'CodeIgniter\Session\Handlers\FileHandler' driver.
DEBUG - 2025-09-14 15:55:32 --> Session: Class initialized using 'CodeIgniter\Session\Handlers\FileHandler' driver.
INFO - 2025-09-14 15:55:32 --> TrafficLog Debug - URL: /index.php/shop/product/PRDK123, Title: Shop -  Index.php Shop Product PRDK123, Path: /index.php/shop/product/PRDK123
DEBUG - 2025-09-14 15:56:14 --> Session: Class initialized using 'CodeIgniter\Session\Handlers\FileHandler' driver.
DEBUG - 2025-09-14 15:57:13 --> Session: Class initialized using 'CodeIgniter\Session\Handlers\FileHandler' driver.
DEBUG - 2025-09-14 15:58:13 --> Session: Class initialized using 'CodeIgniter\Session\Handlers\FileHandler' driver.
DEBUG - 2025-09-14 15:59:13 --> Session: Class initialized using 'CodeIgniter\Session\Handlers\FileHandler' driver.
DEBUG - 2025-09-14 15:59:44 --> Session: Class initialized using 'CodeIgniter\Session\Handlers\FileHandler' driver.
INFO - 2025-09-14 15:59:44 --> TrafficLog Debug - URL: /index.php/shop/product/PRDK122, Title: Shop -  Index.php Shop Product PRDK122, Path: /index.php/shop/product/PRDK122
DEBUG - 2025-09-14 16:00:13 --> Session: Class initialized using 'CodeIgniter\Session\Handlers\FileHandler' driver.
DEBUG - 2025-09-14 16:01:13 --> Session: Class initialized using 'CodeIgniter\Session\Handlers\FileHandler' driver.
DEBUG - 2025-09-14 16:02:13 --> Session: Class initialized using 'CodeIgniter\Session\Handlers\FileHandler' driver.
DEBUG - 2025-09-14 16:03:08 --> Session: Class initialized using 'CodeIgniter\Session\Handlers\FileHandler' driver.
INFO - 2025-09-14 16:03:08 --> TrafficLog Debug - URL: /index.php/shop, Title: Index.php Shop, Path: /index.php/shop
DEBUG - 2025-09-14 16:03:13 --> Session: Class initialized using 'CodeIgniter\Session\Handlers\FileHandler' driver.
DEBUG - 2025-09-14 16:03:56 --> Session: Class initialized using 'CodeIgniter\Session\Handlers\FileHandler' driver.
INFO - 2025-09-14 16:03:56 --> TrafficLog Debug - URL: /index.php/shop/product/PRDK121, Title: Shop -  Index.php Shop Product PRDK121, Path: /index.php/shop/product/PRDK121
DEBUG - 2025-09-14 16:04:13 --> Session: Class initialized using 'CodeIgniter\Session\Handlers\FileHandler' driver.
DEBUG - 2025-09-14 16:05:13 --> Session: Class initialized using 'CodeIgniter\Session\Handlers\FileHandler' driver.
DEBUG - 2025-09-14 16:06:14 --> Session: Class initialized using 'CodeIgniter\Session\Handlers\FileHandler' driver.
DEBUG - 2025-09-14 16:07:13 --> Session: Class initialized using 'CodeIgniter\Session\Handlers\FileHandler' driver.
DEBUG - 2025-09-14 16:07:34 --> Session: Class initialized using 'CodeIgniter\Session\Handlers\FileHandler' driver.
INFO - 2025-09-14 16:07:34 --> TrafficLog Debug - URL: /index.php/shop, Title: Index.php Shop, Path: /index.php/shop
DEBUG - 2025-09-14 16:08:13 --> Session: Class initialized using 'CodeIgniter\Session\Handlers\FileHandler' driver.
DEBUG - 2025-09-14 16:08:14 --> Session: Class initialized using 'CodeIgniter\Session\Handlers\FileHandler' driver.
INFO - 2025-09-14 16:08:14 --> TrafficLog Debug - URL: /index.php/shop/product/PRDK107, Title: Shop -  Index.php Shop Product PRDK107, Path: /index.php/shop/product/PRDK107
DEBUG - 2025-09-14 16:09:13 --> Session: Class initialized using 'CodeIgniter\Session\Handlers\FileHandler' driver.
DEBUG - 2025-09-14 16:10:13 --> Session: Class initialized using 'CodeIgniter\Session\Handlers\FileHandler' driver.
DEBUG - 2025-09-14 16:11:13 --> Session: Class initialized using 'CodeIgniter\Session\Handlers\FileHandler' driver.
DEBUG - 2025-09-14 16:12:13 --> Session: Class initialized using 'CodeIgniter\Session\Handlers\FileHandler' driver.
DEBUG - 2025-09-14 16:12:24 --> Session: Class initialized using 'CodeIgniter\Session\Handlers\FileHandler' driver.
INFO - 2025-09-14 16:12:24 --> TrafficLog Debug - URL: /index.php/shop/product/PRDK096, Title: Shop -  Index.php Shop Product PRDK096, Path: /index.php/shop/product/PRDK096
DEBUG - 2025-09-14 16:13:13 --> Session: Class initialized using 'CodeIgniter\Session\Handlers\FileHandler' driver.
DEBUG - 2025-09-14 16:14:13 --> Session: Class initialized using 'CodeIgniter\Session\Handlers\FileHandler' driver.
DEBUG - 2025-09-14 16:15:13 --> Session: Class initialized using 'CodeIgniter\Session\Handlers\FileHandler' driver.
DEBUG - 2025-09-14 16:15:56 --> Session: Class initialized using 'CodeIgniter\Session\Handlers\FileHandler' driver.
INFO - 2025-09-14 16:15:56 --> TrafficLog Debug - URL: /index.php/, Title: Index.php, Path: /index.php/
DEBUG - 2025-09-14 16:15:58 --> Session: Class initialized using 'CodeIgniter\Session\Handlers\FileHandler' driver.
DEBUG - 2025-09-14 16:16:11 --> Session: Class initialized using 'CodeIgniter\Session\Handlers\FileHandler' driver.
INFO - 2025-09-14 16:16:11 --> TrafficLog Debug - URL: /index.php/shop/product/PRDK144, Title: Shop -  Index.php Shop Product PRDK144, Path: /index.php/shop/product/PRDK144
DEBUG - 2025-09-14 16:16:13 --> Session: Class initialized using 'CodeIgniter\Session\Handlers\FileHandler' driver.
DEBUG - 2025-09-14 16:16:40 --> Session: Class initialized using 'CodeIgniter\Session\Handlers\FileHandler' driver.
INFO - 2025-09-14 16:16:40 --> TrafficLog Debug - URL: /index.php/shop/product/PRDK120, Title: Shop -  Index.php Shop Product PRDK120, Path: /index.php/shop/product/PRDK120
DEBUG - 2025-09-14 16:17:13 --> Session: Class initialized using 'CodeIgniter\Session\Handlers\FileHandler' driver.
DEBUG - 2025-09-14 16:18:13 --> Session: Class initialized using 'CodeIgniter\Session\Handlers\FileHandler' driver.
DEBUG - 2025-09-14 16:19:14 --> Session: Class initialized using 'CodeIgniter\Session\Handlers\FileHandler' driver.
DEBUG - 2025-09-14 16:20:13 --> Session: Class initialized using 'CodeIgniter\Session\Handlers\FileHandler' driver.
DEBUG - 2025-09-14 16:21:06 --> Session: Class initialized using 'CodeIgniter\Session\Handlers\FileHandler' driver.
INFO - 2025-09-14 16:21:06 --> TrafficLog Debug - URL: /index.php/shop/product/PRDK058, Title: Shop -  Index.php Shop Product PRDK058, Path: /index.php/shop/product/PRDK058
DEBUG - 2025-09-14 16:21:13 --> Session: Class initialized using 'CodeIgniter\Session\Handlers\FileHandler' driver.
DEBUG - 2025-09-14 16:22:00 --> Session: Class initialized using 'CodeIgniter\Session\Handlers\FileHandler' driver.
INFO - 2025-09-14 16:22:00 --> TrafficLog Debug - URL: /index.php/, Title: Index.php, Path: /index.php/
DEBUG - 2025-09-14 16:22:13 --> Session: Class initialized using 'CodeIgniter\Session\Handlers\FileHandler' driver.
DEBUG - 2025-09-14 16:23:13 --> Session: Class initialized using 'CodeIgniter\Session\Handlers\FileHandler' driver.
DEBUG - 2025-09-14 16:24:13 --> Session: Class initialized using 'CodeIgniter\Session\Handlers\FileHandler' driver.
DEBUG - 2025-09-14 16:25:13 --> Session: Class initialized using 'CodeIgniter\Session\Handlers\FileHandler' driver.
DEBUG - 2025-09-14 16:25:14 --> Session: Class initialized using 'CodeIgniter\Session\Handlers\FileHandler' driver.
INFO - 2025-09-14 16:25:14 --> TrafficLog Debug - URL: /index.php/shop/product/PRDK055, Title: Shop -  Index.php Shop Product PRDK055, Path: /index.php/shop/product/PRDK055
DEBUG - 2025-09-14 16:26:13 --> Session: Class initialized using 'CodeIgniter\Session\Handlers\FileHandler' driver.
DEBUG - 2025-09-14 16:27:13 --> Session: Class initialized using 'CodeIgniter\Session\Handlers\FileHandler' driver.
DEBUG - 2025-09-14 16:27:35 --> Session: Class initialized using 'CodeIgniter\Session\Handlers\FileHandler' driver.
INFO - 2025-09-14 16:27:35 --> TrafficLog Debug - URL: /index.php, Title: Index.php, Path: /index.php
DEBUG - 2025-09-14 16:27:35 --> Session: Class initialized using 'CodeIgniter\Session\Handlers\FileHandler' driver.
DEBUG - 2025-09-14 16:28:13 --> Session: Class initialized using 'CodeIgniter\Session\Handlers\FileHandler' driver.
DEBUG - 2025-09-14 16:28:41 --> Session: Class initialized using 'CodeIgniter\Session\Handlers\FileHandler' driver.
INFO - 2025-09-14 16:28:41 --> TrafficLog Debug - URL: /index.php/shop, Title: Index.php Shop, Path: /index.php/shop
DEBUG - 2025-09-14 16:29:13 --> Session: Class initialized using 'CodeIgniter\Session\Handlers\FileHandler' driver.
DEBUG - 2025-09-14 16:29:25 --> Session: Class initialized using 'CodeIgniter\Session\Handlers\FileHandler' driver.
DEBUG - 2025-09-14 16:29:26 --> Session: Class initialized using 'CodeIgniter\Session\Handlers\FileHandler' driver.
DEBUG - 2025-09-14 16:29:35 --> Session: Class initialized using 'CodeIgniter\Session\Handlers\FileHandler' driver.
INFO - 2025-09-14 16:29:35 --> TrafficLog Debug - URL: /index.php/shop/product/PRDKCUST, Title: Shop -  Index.php Shop Product PRDKCUST, Path: /index.php/shop/product/PRDKCUST
DEBUG - 2025-09-14 16:30:17 --> Session: Class initialized using 'CodeIgniter\Session\Handlers\FileHandler' driver.
DEBUG - 2025-09-14 16:31:13 --> Session: Class initialized using 'CodeIgniter\Session\Handlers\FileHandler' driver.
DEBUG - 2025-09-14 16:32:13 --> Session: Class initialized using 'CodeIgniter\Session\Handlers\FileHandler' driver.
DEBUG - 2025-09-14 16:33:13 --> Session: Class initialized using 'CodeIgniter\Session\Handlers\FileHandler' driver.
DEBUG - 2025-09-14 16:33:20 --> Session: Class initialized using 'CodeIgniter\Session\Handlers\FileHandler' driver.
INFO - 2025-09-14 16:33:20 --> TrafficLog Debug - URL: /index.php/shop, Title: Index.php Shop, Path: /index.php/shop
DEBUG - 2025-09-14 16:33:54 --> Session: Class initialized using 'CodeIgniter\Session\Handlers\FileHandler' driver.
INFO - 2025-09-14 16:33:54 --> TrafficLog Debug - URL: /index.php/cart, Title: Index.php Cart, Path: /index.php/cart
DEBUG - 2025-09-14 16:34:13 --> Session: Class initialized using 'CodeIgniter\Session\Handlers\FileHandler' driver.
DEBUG - 2025-09-14 16:35:16 --> Session: Class initialized using 'CodeIgniter\Session\Handlers\FileHandler' driver.
DEBUG - 2025-09-14 16:35:51 --> Session: Class initialized using 'CodeIgniter\Session\Handlers\FileHandler' driver.
INFO - 2025-09-14 16:35:51 --> TrafficLog Debug - URL: /index.php/, Title: Index.php, Path: /index.php/
DEBUG - 2025-09-14 16:36:13 --> Session: Class initialized using 'CodeIgniter\Session\Handlers\FileHandler' driver.
DEBUG - 2025-09-14 16:37:14 --> Session: Class initialized using 'CodeIgniter\Session\Handlers\FileHandler' driver.
DEBUG - 2025-09-14 16:37:59 --> Session: Class initialized using 'CodeIgniter\Session\Handlers\FileHandler' driver.
INFO - 2025-09-14 16:37:59 --> TrafficLog Debug - URL: /index.php/shop, Title: Index.php Shop, Path: /index.php/shop
DEBUG - 2025-09-14 16:38:13 --> Session: Class initialized using 'CodeIgniter\Session\Handlers\FileHandler' driver.
DEBUG - 2025-09-14 16:38:56 --> Session: Class initialized using 'CodeIgniter\Session\Handlers\FileHandler' driver.
INFO - 2025-09-14 16:38:56 --> TrafficLog Debug - URL: /index.php/, Title: Index.php, Path: /index.php/
DEBUG - 2025-09-14 16:39:13 --> Session: Class initialized using 'CodeIgniter\Session\Handlers\FileHandler' driver.
DEBUG - 2025-09-14 16:40:13 --> Session: Class initialized using 'CodeIgniter\Session\Handlers\FileHandler' driver.
DEBUG - 2025-09-14 16:41:14 --> Session: Class initialized using 'CodeIgniter\Session\Handlers\FileHandler' driver.
DEBUG - 2025-09-14 16:42:13 --> Session: Class initialized using 'CodeIgniter\Session\Handlers\FileHandler' driver.
DEBUG - 2025-09-14 16:42:17 --> Session: Class initialized using 'CodeIgniter\Session\Handlers\FileHandler' driver.
DEBUG - 2025-09-14 16:42:17 --> Session: Class initialized using 'CodeIgniter\Session\Handlers\FileHandler' driver.
DEBUG - 2025-09-14 16:42:18 --> Session: Class initialized using 'CodeIgniter\Session\Handlers\FileHandler' driver.
DEBUG - 2025-09-14 16:42:18 --> Session: Class initialized using 'CodeIgniter\Session\Handlers\FileHandler' driver.
DEBUG - 2025-09-14 16:42:28 --> Session: Class initialized using 'CodeIgniter\Session\Handlers\FileHandler' driver.
DEBUG - 2025-09-14 16:42:39 --> Session: Class initialized using 'CodeIgniter\Session\Handlers\FileHandler' driver.
DEBUG - 2025-09-14 16:42:49 --> Session: Class initialized using 'CodeIgniter\Session\Handlers\FileHandler' driver.
DEBUG - 2025-09-14 16:42:59 --> Session: Class initialized using 'CodeIgniter\Session\Handlers\FileHandler' driver.
DEBUG - 2025-09-14 16:43:09 --> Session: Class initialized using 'CodeIgniter\Session\Handlers\FileHandler' driver.
DEBUG - 2025-09-14 16:43:19 --> Session: Class initialized using 'CodeIgniter\Session\Handlers\FileHandler' driver.
DEBUG - 2025-09-14 16:43:29 --> Session: Class initialized using 'CodeIgniter\Session\Handlers\FileHandler' driver.
DEBUG - 2025-09-14 16:44:13 --> Session: Class initialized using 'CodeIgniter\Session\Handlers\FileHandler' driver.
DEBUG - 2025-09-14 16:44:42 --> Session: Class initialized using 'CodeIgniter\Session\Handlers\FileHandler' driver.
INFO - 2025-09-14 16:44:42 --> TrafficLog Debug - URL: /index.php/dashboard, Title: Index.php Dashboard, Path: /index.php/dashboard
DEBUG - 2025-09-14 16:45:13 --> Session: Class initialized using 'CodeIgniter\Session\Handlers\FileHandler' driver.
DEBUG - 2025-09-14 16:46:13 --> Session: Class initialized using 'CodeIgniter\Session\Handlers\FileHandler' driver.
DEBUG - 2025-09-14 16:47:13 --> Session: Class initialized using 'CodeIgniter\Session\Handlers\FileHandler' driver.
DEBUG - 2025-09-14 16:48:14 --> Session: Class initialized using 'CodeIgniter\Session\Handlers\FileHandler' driver.
DEBUG - 2025-09-14 16:49:30 --> Session: Class initialized using 'CodeIgniter\Session\Handlers\FileHandler' driver.
DEBUG - 2025-09-14 16:49:37 --> Session: Class initialized using 'CodeIgniter\Session\Handlers\FileHandler' driver.
INFO - 2025-09-14 16:49:37 --> TrafficLog Debug - URL: /index.php/, Title: Index.php, Path: /index.php/
DEBUG - 2025-09-14 16:50:13 --> Session: Class initialized using 'CodeIgniter\Session\Handlers\FileHandler' driver.
DEBUG - 2025-09-14 16:51:13 --> Session: Class initialized using 'CodeIgniter\Session\Handlers\FileHandler' driver.
DEBUG - 2025-09-14 16:52:13 --> Session: Class initialized using 'CodeIgniter\Session\Handlers\FileHandler' driver.
DEBUG - 2025-09-14 16:52:51 --> Session: Class initialized using 'CodeIgniter\Session\Handlers\FileHandler' driver.
INFO - 2025-09-14 16:52:51 --> TrafficLog Debug - URL: /index.php/, Title: Index.php, Path: /index.php/
DEBUG - 2025-09-14 16:52:54 --> Session: Class initialized using 'CodeIgniter\Session\Handlers\FileHandler' driver.
DEBUG - 2025-09-14 16:53:13 --> Session: Class initialized using 'CodeIgniter\Session\Handlers\FileHandler' driver.
DEBUG - 2025-09-14 16:53:45 --> Session: Class initialized using 'CodeIgniter\Session\Handlers\FileHandler' driver.
INFO - 2025-09-14 16:53:45 --> TrafficLog Debug - URL: /index.php/shop/product/PRDK011, Title: Shop -  Index.php Shop Product PRDK011, Path: /index.php/shop/product/PRDK011
DEBUG - 2025-09-14 16:54:13 --> Session: Class initialized using 'CodeIgniter\Session\Handlers\FileHandler' driver.
DEBUG - 2025-09-14 16:55:12 --> Session: Class initialized using 'CodeIgniter\Session\Handlers\FileHandler' driver.
INFO - 2025-09-14 16:55:12 --> TrafficLog Debug - URL: /index.php/, Title: Index.php, Path: /index.php/
DEBUG - 2025-09-14 16:55:13 --> Session: Class initialized using 'CodeIgniter\Session\Handlers\FileHandler' driver.
DEBUG - 2025-09-14 16:56:13 --> Session: Class initialized using 'CodeIgniter\Session\Handlers\FileHandler' driver.
DEBUG - 2025-09-14 16:57:13 --> Session: Class initialized using 'CodeIgniter\Session\Handlers\FileHandler' driver.
DEBUG - 2025-09-14 16:57:29 --> Session: Class initialized using 'CodeIgniter\Session\Handlers\FileHandler' driver.
INFO - 2025-09-14 16:57:29 --> TrafficLog Debug - URL: /index.php/shop/product/PRDK127, Title: Shop -  Index.php Shop Product PRDK127, Path: /index.php/shop/product/PRDK127
DEBUG - 2025-09-14 16:57:53 --> Session: Class initialized using 'CodeIgniter\Session\Handlers\FileHandler' driver.
DEBUG - 2025-09-14 16:57:59 --> Session: Class initialized using 'CodeIgniter\Session\Handlers\FileHandler' driver.
DEBUG - 2025-09-14 16:58:09 --> Session: Class initialized using 'CodeIgniter\Session\Handlers\FileHandler' driver.
DEBUG - 2025-09-14 16:58:19 --> Session: Class initialized using 'CodeIgniter\Session\Handlers\FileHandler' driver.
DEBUG - 2025-09-14 16:58:29 --> Session: Class initialized using 'CodeIgniter\Session\Handlers\FileHandler' driver.
DEBUG - 2025-09-14 16:58:39 --> Session: Class initialized using 'CodeIgniter\Session\Handlers\FileHandler' driver.
DEBUG - 2025-09-14 16:58:49 --> Session: Class initialized using 'CodeIgniter\Session\Handlers\FileHandler' driver.
DEBUG - 2025-09-14 16:59:04 --> Session: Class initialized using 'CodeIgniter\Session\Handlers\FileHandler' driver.
DEBUG - 2025-09-14 16:59:08 --> Session: Class initialized using 'CodeIgniter\Session\Handlers\FileHandler' driver.
INFO - 2025-09-14 16:59:08 --> TrafficLog Debug - URL: /index.php/, Title: Index.php, Path: /index.php/
CRITICAL - 2025-09-14 16:59:09 --> ErrorException: Undefined array key "HTTP_HOST"
[Method: GET, Route: /]
in APPPATH/Controllers/BaseController.php on line 48.
 1 APPPATH/Controllers/BaseController.php(48): CodeIgniter\Debug\Exceptions->errorHandler()
 2 SYSTEMPATH/CodeIgniter.php(904): App\Controllers\BaseController->initController()
 3 SYSTEMPATH/CodeIgniter.php(498): CodeIgniter\CodeIgniter->createController()
 4 SYSTEMPATH/CodeIgniter.php(354): CodeIgniter\CodeIgniter->handleRequest()
 5 SYSTEMPATH/Boot.php(334): CodeIgniter\CodeIgniter->run()
 6 SYSTEMPATH/Boot.php(67): CodeIgniter\Boot::runCodeIgniter()
 7 FCPATH/index.php(59): CodeIgniter\Boot::bootWeb()
DEBUG - 2025-09-14 16:59:09 --> Session: Class initialized using 'CodeIgniter\Session\Handlers\FileHandler' driver.
DEBUG - 2025-09-14 16:59:09 --> Session: Class initialized using 'CodeIgniter\Session\Handlers\FileHandler' driver.
DEBUG - 2025-09-14 16:59:16 --> Session: Class initialized using 'CodeIgniter\Session\Handlers\FileHandler' driver.
INFO - 2025-09-14 16:59:16 --> TrafficLog Debug - URL: /index.php/shop, Title: Index.php Shop, Path: /index.php/shop
DEBUG - 2025-09-14 17:00:10 --> Session: Class initialized using 'CodeIgniter\Session\Handlers\FileHandler' driver.
DEBUG - 2025-09-14 17:00:53 --> Session: Class initialized using 'CodeIgniter\Session\Handlers\FileHandler' driver.
INFO - 2025-09-14 17:00:53 --> TrafficLog Debug - URL: /index.php/shop/product/PRDK159, Title: Shop -  Index.php Shop Product PRDK159, Path: /index.php/shop/product/PRDK159
DEBUG - 2025-09-14 17:01:12 --> Session: Class initialized using 'CodeIgniter\Session\Handlers\FileHandler' driver.
DEBUG - 2025-09-14 17:02:13 --> Session: Class initialized using 'CodeIgniter\Session\Handlers\FileHandler' driver.
DEBUG - 2025-09-14 17:03:13 --> Session: Class initialized using 'CodeIgniter\Session\Handlers\FileHandler' driver.
DEBUG - 2025-09-14 17:04:00 --> Session: Class initialized using 'CodeIgniter\Session\Handlers\FileHandler' driver.
INFO - 2025-09-14 17:04:00 --> TrafficLog Debug - URL: /index.php/shop/product/PRDK071, Title: Shop -  Index.php Shop Product PRDK071, Path: /index.php/shop/product/PRDK071
DEBUG - 2025-09-14 17:04:13 --> Session: Class initialized using 'CodeIgniter\Session\Handlers\FileHandler' driver.
DEBUG - 2025-09-14 17:05:09 --> Session: Class initialized using 'CodeIgniter\Session\Handlers\FileHandler' driver.
INFO - 2025-09-14 17:05:09 --> TrafficLog Debug - URL: /index.php/, Title: Index.php, Path: /index.php/
DEBUG - 2025-09-14 17:05:11 --> Session: Class initialized using 'CodeIgniter\Session\Handlers\FileHandler' driver.
DEBUG - 2025-09-14 17:05:13 --> Session: Class initialized using 'CodeIgniter\Session\Handlers\FileHandler' driver.
DEBUG - 2025-09-14 17:06:09 --> Session: Class initialized using 'CodeIgniter\Session\Handlers\FileHandler' driver.
INFO - 2025-09-14 17:06:09 --> TrafficLog Debug - URL: /index.php/shop/product/PRDK105, Title: Shop -  Index.php Shop Product PRDK105, Path: /index.php/shop/product/PRDK105
DEBUG - 2025-09-14 17:06:14 --> Session: Class initialized using 'CodeIgniter\Session\Handlers\FileHandler' driver.
DEBUG - 2025-09-14 17:07:07 --> Session: Class initialized using 'CodeIgniter\Session\Handlers\FileHandler' driver.
INFO - 2025-09-14 17:07:07 --> TrafficLog Debug - URL: /index.php/shop/product/PRDK014, Title: Shop -  Index.php Shop Product PRDK014, Path: /index.php/shop/product/PRDK014
DEBUG - 2025-09-14 17:07:13 --> Session: Class initialized using 'CodeIgniter\Session\Handlers\FileHandler' driver.
DEBUG - 2025-09-14 17:08:13 --> Session: Class initialized using 'CodeIgniter\Session\Handlers\FileHandler' driver.
DEBUG - 2025-09-14 17:08:36 --> Session: Class initialized using 'CodeIgniter\Session\Handlers\FileHandler' driver.
INFO - 2025-09-14 17:08:36 --> TrafficLog Debug - URL: /index.php/, Title: Index.php, Path: /index.php/
DEBUG - 2025-09-14 17:09:13 --> Session: Class initialized using 'CodeIgniter\Session\Handlers\FileHandler' driver.
DEBUG - 2025-09-14 17:09:57 --> Session: Class initialized using 'CodeIgniter\Session\Handlers\FileHandler' driver.
INFO - 2025-09-14 17:09:57 --> TrafficLog Debug - URL: /index.php/shop/product/PRDK070, Title: Shop -  Index.php Shop Product PRDK070, Path: /index.php/shop/product/PRDK070
DEBUG - 2025-09-14 17:10:15 --> Session: Class initialized using 'CodeIgniter\Session\Handlers\FileHandler' driver.
DEBUG - 2025-09-14 17:11:10 --> Session: Class initialized using 'CodeIgniter\Session\Handlers\FileHandler' driver.
INFO - 2025-09-14 17:11:10 --> TrafficLog Debug - URL: /index.php/shop/product/PRDK016, Title: Shop -  Index.php Shop Product PRDK016, Path: /index.php/shop/product/PRDK016
DEBUG - 2025-09-14 17:11:13 --> Session: Class initialized using 'CodeIgniter\Session\Handlers\FileHandler' driver.
DEBUG - 2025-09-14 17:12:13 --> Session: Class initialized using 'CodeIgniter\Session\Handlers\FileHandler' driver.
DEBUG - 2025-09-14 17:13:02 --> Session: Class initialized using 'CodeIgniter\Session\Handlers\FileHandler' driver.
INFO - 2025-09-14 17:13:02 --> TrafficLog Debug - URL: /index.php/shop/product/PRDK069, Title: Shop -  Index.php Shop Product PRDK069, Path: /index.php/shop/product/PRDK069
DEBUG - 2025-09-14 17:13:13 --> Session: Class initialized using 'CodeIgniter\Session\Handlers\FileHandler' driver.
DEBUG - 2025-09-14 17:14:13 --> Session: Class initialized using 'CodeIgniter\Session\Handlers\FileHandler' driver.
DEBUG - 2025-09-14 17:14:42 --> Session: Class initialized using 'CodeIgniter\Session\Handlers\FileHandler' driver.
INFO - 2025-09-14 17:14:42 --> TrafficLog Debug - URL: /index.php/shop, Title: Index.php Shop, Path: /index.php/shop
DEBUG - 2025-09-14 17:15:13 --> Session: Class initialized using 'CodeIgniter\Session\Handlers\FileHandler' driver.
DEBUG - 2025-09-14 17:16:08 --> Session: Class initialized using 'CodeIgniter\Session\Handlers\FileHandler' driver.
INFO - 2025-09-14 17:16:08 --> TrafficLog Debug - URL: /index.php/shop/product/PRDK045, Title: Shop -  Index.php Shop Product PRDK045, Path: /index.php/shop/product/PRDK045
DEBUG - 2025-09-14 17:16:13 --> Session: Class initialized using 'CodeIgniter\Session\Handlers\FileHandler' driver.
DEBUG - 2025-09-14 17:17:13 --> Session: Class initialized using 'CodeIgniter\Session\Handlers\FileHandler' driver.
DEBUG - 2025-09-14 17:17:54 --> Session: Class initialized using 'CodeIgniter\Session\Handlers\FileHandler' driver.
INFO - 2025-09-14 17:17:54 --> TrafficLog Debug - URL: /index.php/shop/product/PRDK003, Title: Shop -  Index.php Shop Product PRDK003, Path: /index.php/shop/product/PRDK003
DEBUG - 2025-09-14 17:18:13 --> Session: Class initialized using 'CodeIgniter\Session\Handlers\FileHandler' driver.
DEBUG - 2025-09-14 17:18:51 --> Session: Class initialized using 'CodeIgniter\Session\Handlers\FileHandler' driver.
INFO - 2025-09-14 17:18:51 --> TrafficLog Debug - URL: /index.php/shop/product/PRDK044, Title: Shop -  Index.php Shop Product PRDK044, Path: /index.php/shop/product/PRDK044
DEBUG - 2025-09-14 17:19:13 --> Session: Class initialized using 'CodeIgniter\Session\Handlers\FileHandler' driver.
DEBUG - 2025-09-14 17:20:15 --> Session: Class initialized using 'CodeIgniter\Session\Handlers\FileHandler' driver.
DEBUG - 2025-09-14 17:21:13 --> Session: Class initialized using 'CodeIgniter\Session\Handlers\FileHandler' driver.
DEBUG - 2025-09-14 17:21:53 --> Session: Class initialized using 'CodeIgniter\Session\Handlers\FileHandler' driver.
INFO - 2025-09-14 17:21:53 --> TrafficLog Debug - URL: /index.php/shop/product/PRDK165, Title: Shop -  Index.php Shop Product PRDK165, Path: /index.php/shop/product/PRDK165
DEBUG - 2025-09-14 17:22:13 --> Session: Class initialized using 'CodeIgniter\Session\Handlers\FileHandler' driver.
DEBUG - 2025-09-14 17:22:25 --> Session: Class initialized using 'CodeIgniter\Session\Handlers\FileHandler' driver.
INFO - 2025-09-14 17:22:25 --> TrafficLog Debug - URL: /index.php/shop/product/PRDK157, Title: Shop -  Index.php Shop Product PRDK157, Path: /index.php/shop/product/PRDK157
DEBUG - 2025-09-14 17:23:09 --> Session: Class initialized using 'CodeIgniter\Session\Handlers\FileHandler' driver.
INFO - 2025-09-14 17:23:09 --> TrafficLog Debug - URL: /index.php/shop/product/PRDK165, Title: Shop -  Index.php Shop Product PRDK165, Path: /index.php/shop/product/PRDK165
DEBUG - 2025-09-14 17:23:13 --> Session: Class initialized using 'CodeIgniter\Session\Handlers\FileHandler' driver.
DEBUG - 2025-09-14 17:23:26 --> Session: Class initialized using 'CodeIgniter\Session\Handlers\FileHandler' driver.
DEBUG - 2025-09-14 17:23:54 --> Session: Class initialized using 'CodeIgniter\Session\Handlers\FileHandler' driver.
INFO - 2025-09-14 17:23:54 --> TrafficLog Debug - URL: /index.php/shop/product/PRDK158, Title: Shop -  Index.php Shop Product PRDK158, Path: /index.php/shop/product/PRDK158
DEBUG - 2025-09-14 17:24:13 --> Session: Class initialized using 'CodeIgniter\Session\Handlers\FileHandler' driver.
DEBUG - 2025-09-14 17:24:40 --> Session: Class initialized using 'CodeIgniter\Session\Handlers\FileHandler' driver.
INFO - 2025-09-14 17:24:40 --> TrafficLog Debug - URL: /index.php/shop/product/PRDK040, Title: Shop -  Index.php Shop Product PRDK040, Path: /index.php/shop/product/PRDK040
DEBUG - 2025-09-14 17:25:13 --> Session: Class initialized using 'CodeIgniter\Session\Handlers\FileHandler' driver.
DEBUG - 2025-09-14 17:26:13 --> Session: Class initialized using 'CodeIgniter\Session\Handlers\FileHandler' driver.
DEBUG - 2025-09-14 17:27:13 --> Session: Class initialized using 'CodeIgniter\Session\Handlers\FileHandler' driver.
DEBUG - 2025-09-14 17:27:19 --> Session: Class initialized using 'CodeIgniter\Session\Handlers\FileHandler' driver.
INFO - 2025-09-14 17:27:19 --> TrafficLog Debug - URL: /index.php/shop, Title: Index.php Shop, Path: /index.php/shop
DEBUG - 2025-09-14 17:28:14 --> Session: Class initialized using 'CodeIgniter\Session\Handlers\FileHandler' driver.
DEBUG - 2025-09-14 17:29:13 --> Session: Class initialized using 'CodeIgniter\Session\Handlers\FileHandler' driver.
DEBUG - 2025-09-14 17:30:13 --> Session: Class initialized using 'CodeIgniter\Session\Handlers\FileHandler' driver.
DEBUG - 2025-09-14 17:30:27 --> Session: Class initialized using 'CodeIgniter\Session\Handlers\FileHandler' driver.
INFO - 2025-09-14 17:30:27 --> TrafficLog Debug - URL: /index.php/shop/product/PRDK084, Title: Shop -  Index.php Shop Product PRDK084, Path: /index.php/shop/product/PRDK084
DEBUG - 2025-09-14 17:31:13 --> Session: Class initialized using 'CodeIgniter\Session\Handlers\FileHandler' driver.
DEBUG - 2025-09-14 17:32:13 --> Session: Class initialized using 'CodeIgniter\Session\Handlers\FileHandler' driver.
DEBUG - 2025-09-14 17:32:28 --> Session: Class initialized using 'CodeIgniter\Session\Handlers\FileHandler' driver.
INFO - 2025-09-14 17:32:28 --> TrafficLog Debug - URL: /index.php/shop, Title: Index.php Shop, Path: /index.php/shop
DEBUG - 2025-09-14 17:33:05 --> Session: Class initialized using 'CodeIgniter\Session\Handlers\FileHandler' driver.
INFO - 2025-09-14 17:33:05 --> TrafficLog Debug - URL: /index.php/shop, Title: Index.php Shop, Path: /index.php/shop
DEBUG - 2025-09-14 17:33:13 --> Session: Class initialized using 'CodeIgniter\Session\Handlers\FileHandler' driver.
DEBUG - 2025-09-14 17:34:13 --> Session: Class initialized using 'CodeIgniter\Session\Handlers\FileHandler' driver.
DEBUG - 2025-09-14 17:35:13 --> Session: Class initialized using 'CodeIgniter\Session\Handlers\FileHandler' driver.
DEBUG - 2025-09-14 17:35:55 --> Session: Class initialized using 'CodeIgniter\Session\Handlers\FileHandler' driver.
INFO - 2025-09-14 17:35:55 --> TrafficLog Debug - URL: /index.php/shop/product/PRDK163, Title: Shop -  Index.php Shop Product PRDK163, Path: /index.php/shop/product/PRDK163
DEBUG - 2025-09-14 17:36:13 --> Session: Class initialized using 'CodeIgniter\Session\Handlers\FileHandler' driver.
DEBUG - 2025-09-14 17:37:13 --> Session: Class initialized using 'CodeIgniter\Session\Handlers\FileHandler' driver.
DEBUG - 2025-09-14 17:38:13 --> Session: Class initialized using 'CodeIgniter\Session\Handlers\FileHandler' driver.
DEBUG - 2025-09-14 17:38:35 --> Session: Class initialized using 'CodeIgniter\Session\Handlers\FileHandler' driver.
INFO - 2025-09-14 17:38:35 --> TrafficLog Debug - URL: /index.php/shop/product/PRDK048, Title: Shop -  Index.php Shop Product PRDK048, Path: /index.php/shop/product/PRDK048
DEBUG - 2025-09-14 17:39:13 --> Session: Class initialized using 'CodeIgniter\Session\Handlers\FileHandler' driver.
DEBUG - 2025-09-14 17:40:13 --> Session: Class initialized using 'CodeIgniter\Session\Handlers\FileHandler' driver.
DEBUG - 2025-09-14 17:41:13 --> Session: Class initialized using 'CodeIgniter\Session\Handlers\FileHandler' driver.
DEBUG - 2025-09-14 17:41:31 --> Session: Class initialized using 'CodeIgniter\Session\Handlers\FileHandler' driver.
INFO - 2025-09-14 17:41:31 --> TrafficLog Debug - URL: /index.php/shop/product/PRDK125, Title: Shop -  Index.php Shop Product PRDK125, Path: /index.php/shop/product/PRDK125
DEBUG - 2025-09-14 17:42:13 --> Session: Class initialized using 'CodeIgniter\Session\Handlers\FileHandler' driver.
DEBUG - 2025-09-14 17:43:13 --> Session: Class initialized using 'CodeIgniter\Session\Handlers\FileHandler' driver.
DEBUG - 2025-09-14 17:44:06 --> Session: Class initialized using 'CodeIgniter\Session\Handlers\FileHandler' driver.
INFO - 2025-09-14 17:44:06 --> TrafficLog Debug - URL: /index.php/shop, Title: Index.php Shop, Path: /index.php/shop
DEBUG - 2025-09-14 17:44:13 --> Session: Class initialized using 'CodeIgniter\Session\Handlers\FileHandler' driver.
DEBUG - 2025-09-14 17:44:54 --> Session: Class initialized using 'CodeIgniter\Session\Handlers\FileHandler' driver.
INFO - 2025-09-14 17:44:54 --> TrafficLog Debug - URL: /index.php/shop, Title: Index.php Shop, Path: /index.php/shop
DEBUG - 2025-09-14 17:45:13 --> Session: Class initialized using 'CodeIgniter\Session\Handlers\FileHandler' driver.
DEBUG - 2025-09-14 17:46:13 --> Session: Class initialized using 'CodeIgniter\Session\Handlers\FileHandler' driver.
DEBUG - 2025-09-14 17:46:33 --> Session: Class initialized using 'CodeIgniter\Session\Handlers\FileHandler' driver.
INFO - 2025-09-14 17:46:33 --> TrafficLog Debug - URL: /index.php/shop/product/PRDK036, Title: Shop -  Index.php Shop Product PRDK036, Path: /index.php/shop/product/PRDK036
DEBUG - 2025-09-14 17:47:13 --> Session: Class initialized using 'CodeIgniter\Session\Handlers\FileHandler' driver.
DEBUG - 2025-09-14 17:47:25 --> Session: Class initialized using 'CodeIgniter\Session\Handlers\FileHandler' driver.
INFO - 2025-09-14 17:47:25 --> TrafficLog Debug - URL: /index.php/shop, Title: Index.php Shop, Path: /index.php/shop
DEBUG - 2025-09-14 17:48:13 --> Session: Class initialized using 'CodeIgniter\Session\Handlers\FileHandler' driver.
DEBUG - 2025-09-14 17:48:41 --> Session: Class initialized using 'CodeIgniter\Session\Handlers\FileHandler' driver.
INFO - 2025-09-14 17:48:41 --> TrafficLog Debug - URL: /index.php/, Title: Index.php, Path: /index.php/
DEBUG - 2025-09-14 17:48:58 --> Session: Class initialized using 'CodeIgniter\Session\Handlers\FileHandler' driver.
INFO - 2025-09-14 17:48:58 --> TrafficLog Debug - URL: /index.php/shop/product/PRDK110, Title: Shop -  Index.php Shop Product PRDK110, Path: /index.php/shop/product/PRDK110
DEBUG - 2025-09-14 17:49:13 --> Session: Class initialized using 'CodeIgniter\Session\Handlers\FileHandler' driver.
DEBUG - 2025-09-14 17:50:13 --> Session: Class initialized using 'CodeIgniter\Session\Handlers\FileHandler' driver.
DEBUG - 2025-09-14 17:51:13 --> Session: Class initialized using 'CodeIgniter\Session\Handlers\FileHandler' driver.
DEBUG - 2025-09-14 17:51:32 --> Session: Class initialized using 'CodeIgniter\Session\Handlers\FileHandler' driver.
INFO - 2025-09-14 17:51:32 --> TrafficLog Debug - URL: /index.php/shop/product/PRDK122, Title: Shop -  Index.php Shop Product PRDK122, Path: /index.php/shop/product/PRDK122
DEBUG - 2025-09-14 17:52:13 --> Session: Class initialized using 'CodeIgniter\Session\Handlers\FileHandler' driver.
INFO - 2025-09-14 17:52:13 --> TrafficLog Debug - URL: /index.php/, Title: Index.php, Path: /index.php/
DEBUG - 2025-09-14 17:52:13 --> Session: Class initialized using 'CodeIgniter\Session\Handlers\FileHandler' driver.
DEBUG - 2025-09-14 17:53:13 --> Session: Class initialized using 'CodeIgniter\Session\Handlers\FileHandler' driver.
DEBUG - 2025-09-14 17:53:43 --> Session: Class initialized using 'CodeIgniter\Session\Handlers\FileHandler' driver.
INFO - 2025-09-14 17:53:43 --> TrafficLog Debug - URL: /index.php, Title: Index.php, Path: /index.php
DEBUG - 2025-09-14 17:53:43 --> Session: Class initialized using 'CodeIgniter\Session\Handlers\FileHandler' driver.
DEBUG - 2025-09-14 17:54:05 --> Session: Class initialized using 'CodeIgniter\Session\Handlers\FileHandler' driver.
DEBUG - 2025-09-14 17:54:06 --> Session: Class initialized using 'CodeIgniter\Session\Handlers\FileHandler' driver.
DEBUG - 2025-09-14 17:54:13 --> Session: Class initialized using 'CodeIgniter\Session\Handlers\FileHandler' driver.
DEBUG - 2025-09-14 17:54:17 --> Session: Class initialized using 'CodeIgniter\Session\Handlers\FileHandler' driver.
INFO - 2025-09-14 17:54:17 --> TrafficLog Debug - URL: /index.php/shop/product/PRDK144, Title: Shop -  Index.php Shop Product PRDK144, Path: /index.php/shop/product/PRDK144
DEBUG - 2025-09-14 17:55:13 --> Session: Class initialized using 'CodeIgniter\Session\Handlers\FileHandler' driver.
DEBUG - 2025-09-14 17:56:14 --> Session: Class initialized using 'CodeIgniter\Session\Handlers\FileHandler' driver.
DEBUG - 2025-09-14 17:56:32 --> Session: Class initialized using 'CodeIgniter\Session\Handlers\FileHandler' driver.
INFO - 2025-09-14 17:56:32 --> TrafficLog Debug - URL: /index.php/shop/product/PRDK067, Title: Shop -  Index.php Shop Product PRDK067, Path: /index.php/shop/product/PRDK067
DEBUG - 2025-09-14 17:57:13 --> Session: Class initialized using 'CodeIgniter\Session\Handlers\FileHandler' driver.
DEBUG - 2025-09-14 17:58:13 --> Session: Class initialized using 'CodeIgniter\Session\Handlers\FileHandler' driver.
DEBUG - 2025-09-14 17:59:13 --> Session: Class initialized using 'CodeIgniter\Session\Handlers\FileHandler' driver.
DEBUG - 2025-09-14 17:59:23 --> Session: Class initialized using 'CodeIgniter\Session\Handlers\FileHandler' driver.
INFO - 2025-09-14 17:59:23 --> TrafficLog Debug - URL: /index.php/shop/product/PRDK035, Title: Shop -  Index.php Shop Product PRDK035, Path: /index.php/shop/product/PRDK035
DEBUG - 2025-09-14 18:00:13 --> Session: Class initialized using 'CodeIgniter\Session\Handlers\FileHandler' driver.
DEBUG - 2025-09-14 18:00:37 --> Session: Class initialized using 'CodeIgniter\Session\Handlers\FileHandler' driver.
INFO - 2025-09-14 18:00:37 --> TrafficLog Debug - URL: /index.php/shop, Title: Index.php Shop, Path: /index.php/shop
DEBUG - 2025-09-14 18:01:13 --> Session: Class initialized using 'CodeIgniter\Session\Handlers\FileHandler' driver.
DEBUG - 2025-09-14 18:01:53 --> Session: Class initialized using 'CodeIgniter\Session\Handlers\FileHandler' driver.
INFO - 2025-09-14 18:01:53 --> TrafficLog Debug - URL: /index.php/shop/product/PRDK034, Title: Shop -  Index.php Shop Product PRDK034, Path: /index.php/shop/product/PRDK034
DEBUG - 2025-09-14 18:02:13 --> Session: Class initialized using 'CodeIgniter\Session\Handlers\FileHandler' driver.
DEBUG - 2025-09-14 18:03:13 --> Session: Class initialized using 'CodeIgniter\Session\Handlers\FileHandler' driver.
DEBUG - 2025-09-14 18:03:36 --> Session: Class initialized using 'CodeIgniter\Session\Handlers\FileHandler' driver.
INFO - 2025-09-14 18:03:36 --> TrafficLog Debug - URL: /index.php/, Title: Index.php, Path: /index.php/
DEBUG - 2025-09-14 18:04:13 --> Session: Class initialized using 'CodeIgniter\Session\Handlers\FileHandler' driver.
DEBUG - 2025-09-14 18:04:31 --> Session: Class initialized using 'CodeIgniter\Session\Handlers\FileHandler' driver.
INFO - 2025-09-14 18:04:31 --> TrafficLog Debug - URL: /index.php/shop/product/PRDK048, Title: Shop -  Index.php Shop Product PRDK048, Path: /index.php/shop/product/PRDK048
DEBUG - 2025-09-14 18:05:13 --> Session: Class initialized using 'CodeIgniter\Session\Handlers\FileHandler' driver.
DEBUG - 2025-09-14 18:06:14 --> Session: Class initialized using 'CodeIgniter\Session\Handlers\FileHandler' driver.
DEBUG - 2025-09-14 18:07:13 --> Session: Class initialized using 'CodeIgniter\Session\Handlers\FileHandler' driver.
DEBUG - 2025-09-14 18:07:16 --> Session: Class initialized using 'CodeIgniter\Session\Handlers\FileHandler' driver.
INFO - 2025-09-14 18:07:16 --> TrafficLog Debug - URL: /index.php/shop/product/PRDK171, Title: Shop -  Index.php Shop Product PRDK171, Path: /index.php/shop/product/PRDK171
DEBUG - 2025-09-14 18:07:48 --> Session: Class initialized using 'CodeIgniter\Session\Handlers\FileHandler' driver.
INFO - 2025-09-14 18:07:48 --> TrafficLog Debug - URL: /index.php/, Title: Index.php, Path: /index.php/
DEBUG - 2025-09-14 18:07:50 --> Session: Class initialized using 'CodeIgniter\Session\Handlers\FileHandler' driver.
INFO - 2025-09-14 18:07:50 --> TrafficLog Debug - URL: /index.php, Title: Index.php, Path: /index.php
DEBUG - 2025-09-14 18:08:13 --> Session: Class initialized using 'CodeIgniter\Session\Handlers\FileHandler' driver.
DEBUG - 2025-09-14 18:08:24 --> Session: Class initialized using 'CodeIgniter\Session\Handlers\FileHandler' driver.
DEBUG - 2025-09-14 18:09:13 --> Session: Class initialized using 'CodeIgniter\Session\Handlers\FileHandler' driver.
DEBUG - 2025-09-14 18:09:49 --> Session: Class initialized using 'CodeIgniter\Session\Handlers\FileHandler' driver.
INFO - 2025-09-14 18:09:49 --> TrafficLog Debug - URL: /index.php/shop/product/PRDK001, Title: Shop -  Index.php Shop Product PRDK001, Path: /index.php/shop/product/PRDK001
DEBUG - 2025-09-14 18:10:13 --> Session: Class initialized using 'CodeIgniter\Session\Handlers\FileHandler' driver.
DEBUG - 2025-09-14 18:11:13 --> Session: Class initialized using 'CodeIgniter\Session\Handlers\FileHandler' driver.
DEBUG - 2025-09-14 18:12:13 --> Session: Class initialized using 'CodeIgniter\Session\Handlers\FileHandler' driver.
DEBUG - 2025-09-14 18:12:14 --> Session: Class initialized using 'CodeIgniter\Session\Handlers\FileHandler' driver.
INFO - 2025-09-14 18:12:14 --> TrafficLog Debug - URL: /index.php/shop/product/PRDK082, Title: Shop -  Index.php Shop Product PRDK082, Path: /index.php/shop/product/PRDK082
DEBUG - 2025-09-14 18:13:13 --> Session: Class initialized using 'CodeIgniter\Session\Handlers\FileHandler' driver.
DEBUG - 2025-09-14 18:14:13 --> Session: Class initialized using 'CodeIgniter\Session\Handlers\FileHandler' driver.
DEBUG - 2025-09-14 18:15:00 --> Session: Class initialized using 'CodeIgniter\Session\Handlers\FileHandler' driver.
INFO - 2025-09-14 18:15:00 --> TrafficLog Debug - URL: /index.php/cart, Title: Index.php Cart, Path: /index.php/cart
DEBUG - 2025-09-14 18:15:13 --> Session: Class initialized using 'CodeIgniter\Session\Handlers\FileHandler' driver.
DEBUG - 2025-09-14 18:16:13 --> Session: Class initialized using 'CodeIgniter\Session\Handlers\FileHandler' driver.
DEBUG - 2025-09-14 18:17:13 --> Session: Class initialized using 'CodeIgniter\Session\Handlers\FileHandler' driver.
DEBUG - 2025-09-14 18:18:13 --> Session: Class initialized using 'CodeIgniter\Session\Handlers\FileHandler' driver.
DEBUG - 2025-09-14 18:18:17 --> Session: Class initialized using 'CodeIgniter\Session\Handlers\FileHandler' driver.
INFO - 2025-09-14 18:18:17 --> TrafficLog Debug - URL: /index.php/shop, Title: Index.php Shop, Path: /index.php/shop
DEBUG - 2025-09-14 18:19:13 --> Session: Class initialized using 'CodeIgniter\Session\Handlers\FileHandler' driver.
DEBUG - 2025-09-14 18:20:14 --> Session: Class initialized using 'CodeIgniter\Session\Handlers\FileHandler' driver.
DEBUG - 2025-09-14 18:21:13 --> Session: Class initialized using 'CodeIgniter\Session\Handlers\FileHandler' driver.
DEBUG - 2025-09-14 18:21:31 --> Session: Class initialized using 'CodeIgniter\Session\Handlers\FileHandler' driver.
INFO - 2025-09-14 18:21:31 --> TrafficLog Debug - URL: /index.php/, Title: Index.php, Path: /index.php/
DEBUG - 2025-09-14 18:22:13 --> Session: Class initialized using 'CodeIgniter\Session\Handlers\FileHandler' driver.
DEBUG - 2025-09-14 18:23:09 --> Session: Class initialized using 'CodeIgniter\Session\Handlers\FileHandler' driver.
INFO - 2025-09-14 18:23:09 --> TrafficLog Debug - URL: /index.php/, Title: Index.php, Path: /index.php/
DEBUG - 2025-09-14 18:23:13 --> Session: Class initialized using 'CodeIgniter\Session\Handlers\FileHandler' driver.
DEBUG - 2025-09-14 18:23:43 --> Session: Class initialized using 'CodeIgniter\Session\Handlers\FileHandler' driver.
INFO - 2025-09-14 18:23:43 --> TrafficLog Debug - URL: /index.php/shop, Title: Index.php Shop, Path: /index.php/shop
DEBUG - 2025-09-14 18:24:13 --> Session: Class initialized using 'CodeIgniter\Session\Handlers\FileHandler' driver.
DEBUG - 2025-09-14 18:25:13 --> Session: Class initialized using 'CodeIgniter\Session\Handlers\FileHandler' driver.
DEBUG - 2025-09-14 18:26:13 --> Session: Class initialized using 'CodeIgniter\Session\Handlers\FileHandler' driver.
DEBUG - 2025-09-14 18:27:13 --> Session: Class initialized using 'CodeIgniter\Session\Handlers\FileHandler' driver.
DEBUG - 2025-09-14 18:28:13 --> Session: Class initialized using 'CodeIgniter\Session\Handlers\FileHandler' driver.
DEBUG - 2025-09-14 18:29:13 --> Session: Class initialized using 'CodeIgniter\Session\Handlers\FileHandler' driver.
DEBUG - 2025-09-14 18:29:37 --> Session: Class initialized using 'CodeIgniter\Session\Handlers\FileHandler' driver.
INFO - 2025-09-14 18:29:37 --> TrafficLog Debug - URL: /index.php/shop, Title: Index.php Shop, Path: /index.php/shop
DEBUG - 2025-09-14 18:30:13 --> Session: Class initialized using 'CodeIgniter\Session\Handlers\FileHandler' driver.
DEBUG - 2025-09-14 18:31:13 --> Session: Class initialized using 'CodeIgniter\Session\Handlers\FileHandler' driver.
DEBUG - 2025-09-14 18:31:37 --> Session: Class initialized using 'CodeIgniter\Session\Handlers\FileHandler' driver.
INFO - 2025-09-14 18:31:37 --> TrafficLog Debug - URL: /index.php/shop, Title: Index.php Shop, Path: /index.php/shop
DEBUG - 2025-09-14 18:32:13 --> Session: Class initialized using 'CodeIgniter\Session\Handlers\FileHandler' driver.
DEBUG - 2025-09-14 18:33:13 --> Session: Class initialized using 'CodeIgniter\Session\Handlers\FileHandler' driver.
DEBUG - 2025-09-14 18:34:13 --> Session: Class initialized using 'CodeIgniter\Session\Handlers\FileHandler' driver.
DEBUG - 2025-09-14 18:35:13 --> Session: Class initialized using 'CodeIgniter\Session\Handlers\FileHandler' driver.
DEBUG - 2025-09-14 18:35:19 --> Session: Class initialized using 'CodeIgniter\Session\Handlers\FileHandler' driver.
INFO - 2025-09-14 18:35:19 --> TrafficLog Debug - URL: /index.php/shop/product/PRDKCUST1, Title: Shop -  Index.php Shop Product PRDKCUST1, Path: /index.php/shop/product/PRDKCUST1
DEBUG - 2025-09-14 18:35:41 --> Session: Class initialized using 'CodeIgniter\Session\Handlers\FileHandler' driver.
INFO - 2025-09-14 18:35:41 --> TrafficLog Debug - URL: /index.php/shop, Title: Index.php Shop, Path: /index.php/shop
DEBUG - 2025-09-14 18:36:14 --> Session: Class initialized using 'CodeIgniter\Session\Handlers\FileHandler' driver.
DEBUG - 2025-09-14 18:37:01 --> Session: Class initialized using 'CodeIgniter\Session\Handlers\FileHandler' driver.
INFO - 2025-09-14 18:37:01 --> TrafficLog Debug - URL: /index.php/shop, Title: Index.php Shop, Path: /index.php/shop
DEBUG - 2025-09-14 18:37:13 --> Session: Class initialized using 'CodeIgniter\Session\Handlers\FileHandler' driver.
DEBUG - 2025-09-14 18:38:13 --> Session: Class initialized using 'CodeIgniter\Session\Handlers\FileHandler' driver.
DEBUG - 2025-09-14 18:38:23 --> Session: Class initialized using 'CodeIgniter\Session\Handlers\FileHandler' driver.
INFO - 2025-09-14 18:38:23 --> TrafficLog Debug - URL: /index.php/shop/product/PRDK159, Title: Shop -  Index.php Shop Product PRDK159, Path: /index.php/shop/product/PRDK159
DEBUG - 2025-09-14 18:39:13 --> Session: Class initialized using 'CodeIgniter\Session\Handlers\FileHandler' driver.
DEBUG - 2025-09-14 18:40:13 --> Session: Class initialized using 'CodeIgniter\Session\Handlers\FileHandler' driver.
DEBUG - 2025-09-14 18:40:24 --> Session: Class initialized using 'CodeIgniter\Session\Handlers\FileHandler' driver.
INFO - 2025-09-14 18:40:24 --> TrafficLog Debug - URL: /index.php/, Title: Index.php, Path: /index.php/
DEBUG - 2025-09-14 18:41:13 --> Session: Class initialized using 'CodeIgniter\Session\Handlers\FileHandler' driver.
DEBUG - 2025-09-14 18:42:15 --> Session: Class initialized using 'CodeIgniter\Session\Handlers\FileHandler' driver.
DEBUG - 2025-09-14 18:44:13 --> Session: Class initialized using 'CodeIgniter\Session\Handlers\FileHandler' driver.
DEBUG - 2025-09-14 18:45:13 --> Session: Class initialized using 'CodeIgniter\Session\Handlers\FileHandler' driver.
DEBUG - 2025-09-14 18:47:15 --> Session: Class initialized using 'CodeIgniter\Session\Handlers\FileHandler' driver.
DEBUG - 2025-09-14 18:48:13 --> Session: Class initialized using 'CodeIgniter\Session\Handlers\FileHandler' driver.
DEBUG - 2025-09-14 18:49:07 --> Session: Class initialized using 'CodeIgniter\Session\Handlers\FileHandler' driver.
INFO - 2025-09-14 18:49:07 --> TrafficLog Debug - URL: /index.php/shop, Title: Index.php Shop, Path: /index.php/shop
DEBUG - 2025-09-14 18:49:13 --> Session: Class initialized using 'CodeIgniter\Session\Handlers\FileHandler' driver.
DEBUG - 2025-09-14 18:51:16 --> Session: Class initialized using 'CodeIgniter\Session\Handlers\FileHandler' driver.
DEBUG - 2025-09-14 18:52:20 --> Session: Class initialized using 'CodeIgniter\Session\Handlers\FileHandler' driver.
DEBUG - 2025-09-14 18:53:13 --> Session: Class initialized using 'CodeIgniter\Session\Handlers\FileHandler' driver.
DEBUG - 2025-09-14 18:53:33 --> Session: Class initialized using 'CodeIgniter\Session\Handlers\FileHandler' driver.
INFO - 2025-09-14 18:53:33 --> TrafficLog Debug - URL: /index.php/shop/product/PRDK125, Title: Shop -  Index.php Shop Product PRDK125, Path: /index.php/shop/product/PRDK125
DEBUG - 2025-09-14 18:54:13 --> Session: Class initialized using 'CodeIgniter\Session\Handlers\FileHandler' driver.
DEBUG - 2025-09-14 18:55:13 --> Session: Class initialized using 'CodeIgniter\Session\Handlers\FileHandler' driver.
DEBUG - 2025-09-14 18:55:17 --> Session: Class initialized using 'CodeIgniter\Session\Handlers\FileHandler' driver.
INFO - 2025-09-14 18:55:17 --> TrafficLog Debug - URL: /index.php, Title: Index.php, Path: /index.php
DEBUG - 2025-09-14 18:55:18 --> Session: Class initialized using 'CodeIgniter\Session\Handlers\FileHandler' driver.
DEBUG - 2025-09-14 18:55:50 --> Session: Class initialized using 'CodeIgniter\Session\Handlers\FileHandler' driver.
INFO - 2025-09-14 18:55:50 --> TrafficLog Debug - URL: /index.php/shop, Title: Index.php Shop, Path: /index.php/shop
DEBUG - 2025-09-14 18:56:14 --> Session: Class initialized using 'CodeIgniter\Session\Handlers\FileHandler' driver.
DEBUG - 2025-09-14 18:56:26 --> Session: Class initialized using 'CodeIgniter\Session\Handlers\FileHandler' driver.
DEBUG - 2025-09-14 18:56:26 --> Session: Class initialized using 'CodeIgniter\Session\Handlers\FileHandler' driver.
DEBUG - 2025-09-14 18:57:14 --> Session: Class initialized using 'CodeIgniter\Session\Handlers\FileHandler' driver.
DEBUG - 2025-09-14 18:57:19 --> Session: Class initialized using 'CodeIgniter\Session\Handlers\FileHandler' driver.
INFO - 2025-09-14 18:57:19 --> TrafficLog Debug - URL: /index.php/shop/product/PRDK055, Title: Shop -  Index.php Shop Product PRDK055, Path: /index.php/shop/product/PRDK055
DEBUG - 2025-09-14 18:58:13 --> Session: Class initialized using 'CodeIgniter\Session\Handlers\FileHandler' driver.
DEBUG - 2025-09-14 18:59:13 --> Session: Class initialized using 'CodeIgniter\Session\Handlers\FileHandler' driver.
DEBUG - 2025-09-14 19:00:14 --> Session: Class initialized using 'CodeIgniter\Session\Handlers\FileHandler' driver.
DEBUG - 2025-09-14 19:02:13 --> Session: Class initialized using 'CodeIgniter\Session\Handlers\FileHandler' driver.
DEBUG - 2025-09-14 19:03:13 --> Session: Class initialized using 'CodeIgniter\Session\Handlers\FileHandler' driver.
DEBUG - 2025-09-14 19:04:13 --> Session: Class initialized using 'CodeIgniter\Session\Handlers\FileHandler' driver.
DEBUG - 2025-09-14 19:05:13 --> Session: Class initialized using 'CodeIgniter\Session\Handlers\FileHandler' driver.
DEBUG - 2025-09-14 19:05:29 --> Session: Class initialized using 'CodeIgniter\Session\Handlers\FileHandler' driver.
INFO - 2025-09-14 19:05:29 --> TrafficLog Debug - URL: /index.php/shop/product/PRDK070, Title: Shop -  Index.php Shop Product PRDK070, Path: /index.php/shop/product/PRDK070
DEBUG - 2025-09-14 19:06:13 --> Session: Class initialized using 'CodeIgniter\Session\Handlers\FileHandler' driver.
DEBUG - 2025-09-14 19:08:13 --> Session: Class initialized using 'CodeIgniter\Session\Handlers\FileHandler' driver.
DEBUG - 2025-09-14 19:09:06 --> Session: Class initialized using 'CodeIgniter\Session\Handlers\FileHandler' driver.
INFO - 2025-09-14 19:09:06 --> TrafficLog Debug - URL: /index.php/shop/product/PRDK080, Title: Shop -  Index.php Shop Product PRDK080, Path: /index.php/shop/product/PRDK080
DEBUG - 2025-09-14 19:09:08 --> Session: Class initialized using 'CodeIgniter\Session\Handlers\FileHandler' driver.
INFO - 2025-09-14 19:09:08 --> TrafficLog Debug - URL: /index.php, Title: Index.php, Path: /index.php
DEBUG - 2025-09-14 19:09:08 --> Session: Class initialized using 'CodeIgniter\Session\Handlers\FileHandler' driver.
DEBUG - 2025-09-14 19:09:13 --> Session: Class initialized using 'CodeIgniter\Session\Handlers\FileHandler' driver.
DEBUG - 2025-09-14 19:09:14 --> Session: Class initialized using 'CodeIgniter\Session\Handlers\FileHandler' driver.
DEBUG - 2025-09-14 19:09:15 --> Session: Class initialized using 'CodeIgniter\Session\Handlers\FileHandler' driver.
DEBUG - 2025-09-14 19:10:13 --> Session: Class initialized using 'CodeIgniter\Session\Handlers\FileHandler' driver.
DEBUG - 2025-09-14 19:12:17 --> Session: Class initialized using 'CodeIgniter\Session\Handlers\FileHandler' driver.
INFO - 2025-09-14 19:12:17 --> TrafficLog Debug - URL: /index.php/, Title: Index.php, Path: /index.php/
DEBUG - 2025-09-14 19:12:18 --> Session: Class initialized using 'CodeIgniter\Session\Handlers\FileHandler' driver.
DEBUG - 2025-09-14 19:12:19 --> Session: Class initialized using 'CodeIgniter\Session\Handlers\FileHandler' driver.
INFO - 2025-09-14 19:12:19 --> TrafficLog Debug - URL: /index.php/, Title: Index.php, Path: /index.php/
DEBUG - 2025-09-14 19:12:28 --> Session: Class initialized using 'CodeIgniter\Session\Handlers\FileHandler' driver.
INFO - 2025-09-14 19:12:28 --> TrafficLog Debug - URL: /index.php/shop/product/PRDK062, Title: Shop -  Index.php Shop Product PRDK062, Path: /index.php/shop/product/PRDK062
DEBUG - 2025-09-14 19:12:51 --> Session: Class initialized using 'CodeIgniter\Session\Handlers\FileHandler' driver.
INFO - 2025-09-14 19:12:51 --> TrafficLog Debug - URL: /index.php/, Title: Index.php, Path: /index.php/
DEBUG - 2025-09-14 19:13:13 --> Session: Class initialized using 'CodeIgniter\Session\Handlers\FileHandler' driver.
DEBUG - 2025-09-14 19:13:53 --> Session: Class initialized using 'CodeIgniter\Session\Handlers\FileHandler' driver.
DEBUG - 2025-09-14 19:13:59 --> Session: Class initialized using 'CodeIgniter\Session\Handlers\FileHandler' driver.
DEBUG - 2025-09-14 19:14:53 --> Session: Class initialized using 'CodeIgniter\Session\Handlers\FileHandler' driver.
DEBUG - 2025-09-14 19:14:53 --> Session: Class initialized using 'CodeIgniter\Session\Handlers\FileHandler' driver.
DEBUG - 2025-09-14 19:14:54 --> Session: Class initialized using 'CodeIgniter\Session\Handlers\FileHandler' driver.
DEBUG - 2025-09-14 19:15:21 --> Session: Class initialized using 'CodeIgniter\Session\Handlers\FileHandler' driver.
INFO - 2025-09-14 19:15:21 --> TrafficLog Debug - URL: /index.php/, Title: Index.php, Path: /index.php/
DEBUG - 2025-09-14 19:15:21 --> Session: Class initialized using 'CodeIgniter\Session\Handlers\FileHandler' driver.
DEBUG - 2025-09-14 19:16:02 --> Session: Class initialized using 'CodeIgniter\Session\Handlers\FileHandler' driver.
DEBUG - 2025-09-14 19:16:02 --> Session: Class initialized using 'CodeIgniter\Session\Handlers\FileHandler' driver.
DEBUG - 2025-09-14 19:16:05 --> Session: Class initialized using 'CodeIgniter\Session\Handlers\FileHandler' driver.
INFO - 2025-09-14 19:16:05 --> TrafficLog Debug - URL: /index.php/shop/product/PRDK014, Title: Shop -  Index.php Shop Product PRDK014, Path: /index.php/shop/product/PRDK014
DEBUG - 2025-09-14 19:17:01 --> Session: Class initialized using 'CodeIgniter\Session\Handlers\FileHandler' driver.
INFO - 2025-09-14 19:17:01 --> TrafficLog Debug - URL: /index.php/, Title: Index.php, Path: /index.php/
DEBUG - 2025-09-14 19:17:02 --> Session: Class initialized using 'CodeIgniter\Session\Handlers\FileHandler' driver.
DEBUG - 2025-09-14 19:17:43 --> Session: Class initialized using 'CodeIgniter\Session\Handlers\FileHandler' driver.
DEBUG - 2025-09-14 19:17:43 --> Session: Class initialized using 'CodeIgniter\Session\Handlers\FileHandler' driver.
DEBUG - 2025-09-14 19:17:59 --> Session: Class initialized using 'CodeIgniter\Session\Handlers\FileHandler' driver.
DEBUG - 2025-09-14 19:18:19 --> Session: Class initialized using 'CodeIgniter\Session\Handlers\FileHandler' driver.
DEBUG - 2025-09-14 19:18:19 --> Session: Class initialized using 'CodeIgniter\Session\Handlers\FileHandler' driver.
DEBUG - 2025-09-14 19:18:56 --> Session: Class initialized using 'CodeIgniter\Session\Handlers\FileHandler' driver.
DEBUG - 2025-09-14 19:18:57 --> Session: Class initialized using 'CodeIgniter\Session\Handlers\FileHandler' driver.
DEBUG - 2025-09-14 19:19:16 --> Session: Class initialized using 'CodeIgniter\Session\Handlers\FileHandler' driver.
DEBUG - 2025-09-14 19:19:16 --> Session: Class initialized using 'CodeIgniter\Session\Handlers\FileHandler' driver.
DEBUG - 2025-09-14 19:19:34 --> Session: Class initialized using 'CodeIgniter\Session\Handlers\FileHandler' driver.
INFO - 2025-09-14 19:19:34 --> TrafficLog Debug - URL: /index.php/shop/product/PRDK110, Title: Shop -  Index.php Shop Product PRDK110, Path: /index.php/shop/product/PRDK110
DEBUG - 2025-09-14 19:20:03 --> Session: Class initialized using 'CodeIgniter\Session\Handlers\FileHandler' driver.
INFO - 2025-09-14 19:20:03 --> TrafficLog Debug - URL: /index.php/shop/product/PRDK056, Title: Shop -  Index.php Shop Product PRDK056, Path: /index.php/shop/product/PRDK056
DEBUG - 2025-09-14 19:20:50 --> Session: Class initialized using 'CodeIgniter\Session\Handlers\FileHandler' driver.
INFO - 2025-09-14 19:20:50 --> TrafficLog Debug - URL: /index.php/shop, Title: Index.php Shop, Path: /index.php/shop
DEBUG - 2025-09-14 19:20:50 --> Session: Class initialized using 'CodeIgniter\Session\Handlers\FileHandler' driver.
DEBUG - 2025-09-14 19:20:56 --> Session: Class initialized using 'CodeIgniter\Session\Handlers\FileHandler' driver.
DEBUG - 2025-09-14 19:20:56 --> Session: Class initialized using 'CodeIgniter\Session\Handlers\FileHandler' driver.
DEBUG - 2025-09-14 19:21:10 --> Session: Class initialized using 'CodeIgniter\Session\Handlers\FileHandler' driver.
DEBUG - 2025-09-14 19:21:10 --> Session: Class initialized using 'CodeIgniter\Session\Handlers\FileHandler' driver.
DEBUG - 2025-09-14 19:21:50 --> Session: Class initialized using 'CodeIgniter\Session\Handlers\FileHandler' driver.
DEBUG - 2025-09-14 19:21:50 --> Session: Class initialized using 'CodeIgniter\Session\Handlers\FileHandler' driver.
DEBUG - 2025-09-14 19:22:30 --> Session: Class initialized using 'CodeIgniter\Session\Handlers\FileHandler' driver.
DEBUG - 2025-09-14 19:22:30 --> Session: Class initialized using 'CodeIgniter\Session\Handlers\FileHandler' driver.
DEBUG - 2025-09-14 19:22:55 --> Session: Class initialized using 'CodeIgniter\Session\Handlers\FileHandler' driver.
DEBUG - 2025-09-14 19:22:55 --> Session: Class initialized using 'CodeIgniter\Session\Handlers\FileHandler' driver.
DEBUG - 2025-09-14 19:23:04 --> Session: Class initialized using 'CodeIgniter\Session\Handlers\FileHandler' driver.
INFO - 2025-09-14 19:23:04 --> TrafficLog Debug - URL: /index.php/shop/product/PRDK063, Title: Shop -  Index.php Shop Product PRDK063, Path: /index.php/shop/product/PRDK063
DEBUG - 2025-09-14 19:25:08 --> Session: Class initialized using 'CodeIgniter\Session\Handlers\FileHandler' driver.
INFO - 2025-09-14 19:25:08 --> TrafficLog Debug - URL: /index.php/shop, Title: Index.php Shop, Path: /index.php/shop
DEBUG - 2025-09-14 19:25:08 --> Session: Class initialized using 'CodeIgniter\Session\Handlers\FileHandler' driver.
DEBUG - 2025-09-14 19:26:09 --> Session: Class initialized using 'CodeIgniter\Session\Handlers\FileHandler' driver.
INFO - 2025-09-14 19:26:09 --> TrafficLog Debug - URL: /index.php/shop/product/PRDK114, Title: Shop -  Index.php Shop Product PRDK114, Path: /index.php/shop/product/PRDK114
DEBUG - 2025-09-14 19:27:24 --> Session: Class initialized using 'CodeIgniter\Session\Handlers\FileHandler' driver.
INFO - 2025-09-14 19:27:24 --> TrafficLog Debug - URL: /index.php/shop, Title: Index.php Shop, Path: /index.php/shop
DEBUG - 2025-09-14 19:27:24 --> Session: Class initialized using 'CodeIgniter\Session\Handlers\FileHandler' driver.
DEBUG - 2025-09-14 19:28:03 --> Session: Class initialized using 'CodeIgniter\Session\Handlers\FileHandler' driver.
DEBUG - 2025-09-14 19:28:03 --> Session: Class initialized using 'CodeIgniter\Session\Handlers\FileHandler' driver.
DEBUG - 2025-09-14 19:28:28 --> Session: Class initialized using 'CodeIgniter\Session\Handlers\FileHandler' driver.
DEBUG - 2025-09-14 19:28:31 --> Session: Class initialized using 'CodeIgniter\Session\Handlers\FileHandler' driver.
DEBUG - 2025-09-14 19:29:33 --> Session: Class initialized using 'CodeIgniter\Session\Handlers\FileHandler' driver.
DEBUG - 2025-09-14 19:29:33 --> Session: Class initialized using 'CodeIgniter\Session\Handlers\FileHandler' driver.
DEBUG - 2025-09-14 19:29:35 --> Session: Class initialized using 'CodeIgniter\Session\Handlers\FileHandler' driver.
INFO - 2025-09-14 19:29:35 --> TrafficLog Debug - URL: /index.php/shop, Title: Index.php Shop, Path: /index.php/shop
DEBUG - 2025-09-14 19:30:26 --> Session: Class initialized using 'CodeIgniter\Session\Handlers\FileHandler' driver.
INFO - 2025-09-14 19:30:26 --> TrafficLog Debug - URL: /index.php/shop, Title: Index.php Shop, Path: /index.php/shop
DEBUG - 2025-09-14 19:30:26 --> Session: Class initialized using 'CodeIgniter\Session\Handlers\FileHandler' driver.
DEBUG - 2025-09-14 19:30:27 --> Session: Class initialized using 'CodeIgniter\Session\Handlers\FileHandler' driver.
DEBUG - 2025-09-14 19:31:07 --> Session: Class initialized using 'CodeIgniter\Session\Handlers\FileHandler' driver.
DEBUG - 2025-09-14 19:31:07 --> Session: Class initialized using 'CodeIgniter\Session\Handlers\FileHandler' driver.
DEBUG - 2025-09-14 19:31:32 --> Session: Class initialized using 'CodeIgniter\Session\Handlers\FileHandler' driver.
DEBUG - 2025-09-14 19:31:32 --> Session: Class initialized using 'CodeIgniter\Session\Handlers\FileHandler' driver.
DEBUG - 2025-09-14 19:31:51 --> Session: Class initialized using 'CodeIgniter\Session\Handlers\FileHandler' driver.
DEBUG - 2025-09-14 19:31:52 --> Session: Class initialized using 'CodeIgniter\Session\Handlers\FileHandler' driver.
DEBUG - 2025-09-14 19:33:26 --> Session: Class initialized using 'CodeIgniter\Session\Handlers\FileHandler' driver.
INFO - 2025-09-14 19:33:26 --> TrafficLog Debug - URL: /index.php/shop, Title: Index.php Shop, Path: /index.php/shop
DEBUG - 2025-09-14 19:33:33 --> Session: Class initialized using 'CodeIgniter\Session\Handlers\FileHandler' driver.
INFO - 2025-09-14 19:33:33 --> TrafficLog Debug - URL: /index.php/shop, Title: Index.php Shop, Path: /index.php/shop
DEBUG - 2025-09-14 19:33:33 --> Session: Class initialized using 'CodeIgniter\Session\Handlers\FileHandler' driver.
DEBUG - 2025-09-14 19:34:06 --> Session: Class initialized using 'CodeIgniter\Session\Handlers\FileHandler' driver.
DEBUG - 2025-09-14 19:34:07 --> Session: Class initialized using 'CodeIgniter\Session\Handlers\FileHandler' driver.
DEBUG - 2025-09-14 19:34:08 --> Session: Class initialized using 'CodeIgniter\Session\Handlers\FileHandler' driver.
DEBUG - 2025-09-14 19:34:08 --> Session: Class initialized using 'CodeIgniter\Session\Handlers\FileHandler' driver.
DEBUG - 2025-09-14 19:34:19 --> Session: Class initialized using 'CodeIgniter\Session\Handlers\FileHandler' driver.
DEBUG - 2025-09-14 19:34:19 --> Session: Class initialized using 'CodeIgniter\Session\Handlers\FileHandler' driver.
DEBUG - 2025-09-14 19:35:10 --> Session: Class initialized using 'CodeIgniter\Session\Handlers\FileHandler' driver.
DEBUG - 2025-09-14 19:35:10 --> Session: Class initialized using 'CodeIgniter\Session\Handlers\FileHandler' driver.
DEBUG - 2025-09-14 19:35:49 --> Session: Class initialized using 'CodeIgniter\Session\Handlers\FileHandler' driver.
DEBUG - 2025-09-14 19:36:00 --> Session: Class initialized using 'CodeIgniter\Session\Handlers\FileHandler' driver.
INFO - 2025-09-14 19:36:00 --> TrafficLog Debug - URL: /index.php/cart, Title: Index.php Cart, Path: /index.php/cart
DEBUG - 2025-09-14 19:36:00 --> Session: Class initialized using 'CodeIgniter\Session\Handlers\FileHandler' driver.
DEBUG - 2025-09-14 19:36:18 --> Session: Class initialized using 'CodeIgniter\Session\Handlers\FileHandler' driver.
INFO - 2025-09-14 19:36:18 --> TrafficLog Debug - URL: /index.php/, Title: Index.php, Path: /index.php/
DEBUG - 2025-09-14 19:36:19 --> Session: Class initialized using 'CodeIgniter\Session\Handlers\FileHandler' driver.
INFO - 2025-09-14 19:36:19 --> TrafficLog Debug - URL: /index.php/dashboard, Title: Index.php Dashboard, Path: /index.php/dashboard
DEBUG - 2025-09-14 19:36:21 --> Session: Class initialized using 'CodeIgniter\Session\Handlers\FileHandler' driver.
DEBUG - 2025-09-14 19:36:21 --> Session: Class initialized using 'CodeIgniter\Session\Handlers\FileHandler' driver.
DEBUG - 2025-09-14 19:36:29 --> Session: Class initialized using 'CodeIgniter\Session\Handlers\FileHandler' driver.
DEBUG - 2025-09-14 19:36:30 --> Session: Class initialized using 'CodeIgniter\Session\Handlers\FileHandler' driver.
DEBUG - 2025-09-14 19:36:50 --> Session: Class initialized using 'CodeIgniter\Session\Handlers\FileHandler' driver.
INFO - 2025-09-14 19:36:50 --> TrafficLog Debug - URL: /index.php/artikel, Title: Index.php Artikel, Path: /index.php/artikel
DEBUG - 2025-09-14 19:37:58 --> Session: Class initialized using 'CodeIgniter\Session\Handlers\FileHandler' driver.
INFO - 2025-09-14 19:37:58 --> TrafficLog Debug - URL: /index.php, Title: Index.php, Path: /index.php
DEBUG - 2025-09-14 19:37:59 --> Session: Class initialized using 'CodeIgniter\Session\Handlers\FileHandler' driver.
DEBUG - 2025-09-14 19:38:18 --> Session: Class initialized using 'CodeIgniter\Session\Handlers\FileHandler' driver.
INFO - 2025-09-14 19:38:18 --> TrafficLog Debug - URL: /index.php/shop/product/PRDK020, Title: Shop -  Index.php Shop Product PRDK020, Path: /index.php/shop/product/PRDK020
DEBUG - 2025-09-14 19:38:26 --> Session: Class initialized using 'CodeIgniter\Session\Handlers\FileHandler' driver.
INFO - 2025-09-14 19:38:26 --> TrafficLog Debug - URL: /index.php, Title: Index.php, Path: /index.php
DEBUG - 2025-09-14 19:38:26 --> Session: Class initialized using 'CodeIgniter\Session\Handlers\FileHandler' driver.
DEBUG - 2025-09-14 19:38:43 --> Session: Class initialized using 'CodeIgniter\Session\Handlers\FileHandler' driver.
DEBUG - 2025-09-14 19:38:44 --> Session: Class initialized using 'CodeIgniter\Session\Handlers\FileHandler' driver.
DEBUG - 2025-09-14 19:38:59 --> Session: Class initialized using 'CodeIgniter\Session\Handlers\FileHandler' driver.
DEBUG - 2025-09-14 19:39:33 --> Session: Class initialized using 'CodeIgniter\Session\Handlers\FileHandler' driver.
INFO - 2025-09-14 19:39:33 --> TrafficLog Debug - URL: /index.php, Title: Index.php, Path: /index.php
DEBUG - 2025-09-14 19:40:14 --> Session: Class initialized using 'CodeIgniter\Session\Handlers\FileHandler' driver.
INFO - 2025-09-14 19:40:14 --> TrafficLog Debug - URL: /index.php/shop/product/PRDK064, Title: Shop -  Index.php Shop Product PRDK064, Path: /index.php/shop/product/PRDK064
DEBUG - 2025-09-14 19:43:37 --> Session: Class initialized using 'CodeIgniter\Session\Handlers\FileHandler' driver.
INFO - 2025-09-14 19:43:37 --> TrafficLog Debug - URL: /index.php/shop, Title: Index.php Shop, Path: /index.php/shop
DEBUG - 2025-09-14 19:45:24 --> Session: Class initialized using 'CodeIgniter\Session\Handlers\FileHandler' driver.
INFO - 2025-09-14 19:45:24 --> TrafficLog Debug - URL: /index.php/shop, Title: Index.php Shop, Path: /index.php/shop
DEBUG - 2025-09-14 19:46:40 --> Session: Class initialized using 'CodeIgniter\Session\Handlers\FileHandler' driver.
INFO - 2025-09-14 19:46:40 --> TrafficLog Debug - URL: /index.php, Title: Index.php, Path: /index.php
DEBUG - 2025-09-14 19:46:40 --> Session: Class initialized using 'CodeIgniter\Session\Handlers\FileHandler' driver.
DEBUG - 2025-09-14 19:46:49 --> Session: Class initialized using 'CodeIgniter\Session\Handlers\FileHandler' driver.
INFO - 2025-09-14 19:46:49 --> TrafficLog Debug - URL: /index.php/shop/product/PRDK045, Title: Shop -  Index.php Shop Product PRDK045, Path: /index.php/shop/product/PRDK045
DEBUG - 2025-09-14 19:47:29 --> Session: Class initialized using 'CodeIgniter\Session\Handlers\FileHandler' driver.
DEBUG - 2025-09-14 19:47:30 --> Session: Class initialized using 'CodeIgniter\Session\Handlers\FileHandler' driver.
DEBUG - 2025-09-14 19:47:38 --> Session: Class initialized using 'CodeIgniter\Session\Handlers\FileHandler' driver.
DEBUG - 2025-09-14 19:47:38 --> Session: Class initialized using 'CodeIgniter\Session\Handlers\FileHandler' driver.
DEBUG - 2025-09-14 19:48:06 --> Session: Class initialized using 'CodeIgniter\Session\Handlers\FileHandler' driver.
DEBUG - 2025-09-14 19:48:07 --> Session: Class initialized using 'CodeIgniter\Session\Handlers\FileHandler' driver.
DEBUG - 2025-09-14 19:48:52 --> Session: Class initialized using 'CodeIgniter\Session\Handlers\FileHandler' driver.
DEBUG - 2025-09-14 19:48:52 --> Session: Class initialized using 'CodeIgniter\Session\Handlers\FileHandler' driver.
DEBUG - 2025-09-14 19:49:03 --> Session: Class initialized using 'CodeIgniter\Session\Handlers\FileHandler' driver.
DEBUG - 2025-09-14 19:49:04 --> Session: Class initialized using 'CodeIgniter\Session\Handlers\FileHandler' driver.
DEBUG - 2025-09-14 19:49:30 --> Session: Class initialized using 'CodeIgniter\Session\Handlers\FileHandler' driver.
DEBUG - 2025-09-14 19:49:30 --> Session: Class initialized using 'CodeIgniter\Session\Handlers\FileHandler' driver.
DEBUG - 2025-09-14 19:49:48 --> Session: Class initialized using 'CodeIgniter\Session\Handlers\FileHandler' driver.
DEBUG - 2025-09-14 19:49:48 --> Session: Class initialized using 'CodeIgniter\Session\Handlers\FileHandler' driver.
DEBUG - 2025-09-14 19:49:59 --> Session: Class initialized using 'CodeIgniter\Session\Handlers\FileHandler' driver.
DEBUG - 2025-09-14 19:50:00 --> Session: Class initialized using 'CodeIgniter\Session\Handlers\FileHandler' driver.
DEBUG - 2025-09-14 19:50:05 --> Session: Class initialized using 'CodeIgniter\Session\Handlers\FileHandler' driver.
INFO - 2025-09-14 19:50:05 --> TrafficLog Debug - URL: /index.php/shop/product/PRDK154, Title: Shop -  Index.php Shop Product PRDK154, Path: /index.php/shop/product/PRDK154
DEBUG - 2025-09-14 19:53:25 --> Session: Class initialized using 'CodeIgniter\Session\Handlers\FileHandler' driver.
INFO - 2025-09-14 19:53:25 --> TrafficLog Debug - URL: /index.php/shop, Title: Index.php Shop, Path: /index.php/shop
DEBUG - 2025-09-14 19:56:27 --> Session: Class initialized using 'CodeIgniter\Session\Handlers\FileHandler' driver.
INFO - 2025-09-14 19:56:27 --> TrafficLog Debug - URL: /index.php/shop/product/PRDK044, Title: Shop -  Index.php Shop Product PRDK044, Path: /index.php/shop/product/PRDK044
DEBUG - 2025-09-14 19:59:28 --> Session: Class initialized using 'CodeIgniter\Session\Handlers\FileHandler' driver.
INFO - 2025-09-14 19:59:28 --> TrafficLog Debug - URL: /index.php/shop, Title: Index.php Shop, Path: /index.php/shop
DEBUG - 2025-09-14 20:00:11 --> Session: Class initialized using 'CodeIgniter\Session\Handlers\FileHandler' driver.
INFO - 2025-09-14 20:00:11 --> TrafficLog Debug - URL: /index.php/, Title: Index.php, Path: /index.php/
DEBUG - 2025-09-14 20:01:45 --> Session: Class initialized using 'CodeIgniter\Session\Handlers\FileHandler' driver.
INFO - 2025-09-14 20:01:45 --> TrafficLog Debug - URL: /index.php/shop, Title: Index.php Shop, Path: /index.php/shop
DEBUG - 2025-09-14 20:02:27 --> Session: Class initialized using 'CodeIgniter\Session\Handlers\FileHandler' driver.
INFO - 2025-09-14 20:02:27 --> TrafficLog Debug - URL: /index.php/shop/product/PRDK065, Title: Shop -  Index.php Shop Product PRDK065, Path: /index.php/shop/product/PRDK065
DEBUG - 2025-09-14 20:04:48 --> Session: Class initialized using 'CodeIgniter\Session\Handlers\FileHandler' driver.
INFO - 2025-09-14 20:04:48 --> TrafficLog Debug - URL: /index.php/, Title: Index.php, Path: /index.php/
DEBUG - 2025-09-14 20:04:53 --> Session: Class initialized using 'CodeIgniter\Session\Handlers\FileHandler' driver.
DEBUG - 2025-09-14 20:04:54 --> Session: Class initialized using 'CodeIgniter\Session\Handlers\FileHandler' driver.
DEBUG - 2025-09-14 20:04:55 --> Session: Class initialized using 'CodeIgniter\Session\Handlers\FileHandler' driver.
DEBUG - 2025-09-14 20:04:59 --> Session: Class initialized using 'CodeIgniter\Session\Handlers\FileHandler' driver.
INFO - 2025-09-14 20:04:59 --> TrafficLog Debug - URL: /index.php/, Title: Index.php, Path: /index.php/
DEBUG - 2025-09-14 20:05:35 --> Session: Class initialized using 'CodeIgniter\Session\Handlers\FileHandler' driver.
INFO - 2025-09-14 20:05:35 --> TrafficLog Debug - URL: /index.php/shop, Title: Index.php Shop, Path: /index.php/shop
DEBUG - 2025-09-14 20:06:54 --> Session: Class initialized using 'CodeIgniter\Session\Handlers\FileHandler' driver.
INFO - 2025-09-14 20:06:54 --> TrafficLog Debug - URL: /index.php/, Title: Index.php, Path: /index.php/
DEBUG - 2025-09-14 20:08:35 --> Session: Class initialized using 'CodeIgniter\Session\Handlers\FileHandler' driver.
INFO - 2025-09-14 20:08:35 --> TrafficLog Debug - URL: /index.php/shop, Title: Index.php Shop, Path: /index.php/shop
DEBUG - 2025-09-14 20:09:07 --> Session: Class initialized using 'CodeIgniter\Session\Handlers\FileHandler' driver.
INFO - 2025-09-14 20:09:07 --> TrafficLog Debug - URL: /index.php, Title: Index.php, Path: /index.php
DEBUG - 2025-09-14 20:09:08 --> Session: Class initialized using 'CodeIgniter\Session\Handlers\FileHandler' driver.
DEBUG - 2025-09-14 20:09:36 --> Session: Class initialized using 'CodeIgniter\Session\Handlers\FileHandler' driver.
DEBUG - 2025-09-14 20:09:36 --> Session: Class initialized using 'CodeIgniter\Session\Handlers\FileHandler' driver.
DEBUG - 2025-09-14 20:09:39 --> Session: Class initialized using 'CodeIgniter\Session\Handlers\FileHandler' driver.
DEBUG - 2025-09-14 20:09:40 --> Session: Class initialized using 'CodeIgniter\Session\Handlers\FileHandler' driver.
DEBUG - 2025-09-14 20:09:44 --> Session: Class initialized using 'CodeIgniter\Session\Handlers\FileHandler' driver.
DEBUG - 2025-09-14 20:09:44 --> Session: Class initialized using 'CodeIgniter\Session\Handlers\FileHandler' driver.
DEBUG - 2025-09-14 20:11:28 --> Session: Class initialized using 'CodeIgniter\Session\Handlers\FileHandler' driver.
INFO - 2025-09-14 20:11:28 --> TrafficLog Debug - URL: /index.php/shop/product/PRDK069, Title: Shop -  Index.php Shop Product PRDK069, Path: /index.php/shop/product/PRDK069
DEBUG - 2025-09-14 20:14:26 --> Session: Class initialized using 'CodeIgniter\Session\Handlers\FileHandler' driver.
INFO - 2025-09-14 20:14:26 --> TrafficLog Debug - URL: /index.php/shop/product/PRDK006, Title: Shop -  Index.php Shop Product PRDK006, Path: /index.php/shop/product/PRDK006
DEBUG - 2025-09-14 20:18:10 --> Session: Class initialized using 'CodeIgniter\Session\Handlers\FileHandler' driver.
INFO - 2025-09-14 20:18:10 --> TrafficLog Debug - URL: /index.php/shop/product/PRDK092, Title: Shop -  Index.php Shop Product PRDK092, Path: /index.php/shop/product/PRDK092
DEBUG - 2025-09-14 20:18:13 --> Session: Class initialized using 'CodeIgniter\Session\Handlers\FileHandler' driver.
INFO - 2025-09-14 20:18:13 --> TrafficLog Debug - URL: /index.php/shop/product/PRDK098, Title: Shop -  Index.php Shop Product PRDK098, Path: /index.php/shop/product/PRDK098
DEBUG - 2025-09-14 20:21:55 --> Session: Class initialized using 'CodeIgniter\Session\Handlers\FileHandler' driver.
INFO - 2025-09-14 20:21:55 --> TrafficLog Debug - URL: /index.php/, Title: Index.php, Path: /index.php/
DEBUG - 2025-09-14 20:23:12 --> Session: Class initialized using 'CodeIgniter\Session\Handlers\FileHandler' driver.
INFO - 2025-09-14 20:23:12 --> TrafficLog Debug - URL: /index.php/, Title: Index.php, Path: /index.php/
DEBUG - 2025-09-14 20:23:14 --> Session: Class initialized using 'CodeIgniter\Session\Handlers\FileHandler' driver.
DEBUG - 2025-09-14 20:23:59 --> Session: Class initialized using 'CodeIgniter\Session\Handlers\FileHandler' driver.
INFO - 2025-09-14 20:23:59 --> TrafficLog Debug - URL: /index.php/shop/product/PRDK034, Title: Shop -  Index.php Shop Product PRDK034, Path: /index.php/shop/product/PRDK034
DEBUG - 2025-09-14 20:27:34 --> Session: Class initialized using 'CodeIgniter\Session\Handlers\FileHandler' driver.
INFO - 2025-09-14 20:27:34 --> TrafficLog Debug - URL: /index.php/, Title: Index.php, Path: /index.php/
DEBUG - 2025-09-14 20:30:42 --> Session: Class initialized using 'CodeIgniter\Session\Handlers\FileHandler' driver.
INFO - 2025-09-14 20:30:42 --> TrafficLog Debug - URL: /index.php/, Title: Index.php, Path: /index.php/
DEBUG - 2025-09-14 20:33:31 --> Session: Class initialized using 'CodeIgniter\Session\Handlers\FileHandler' driver.
INFO - 2025-09-14 20:33:31 --> TrafficLog Debug - URL: /index.php/shop, Title: Index.php Shop, Path: /index.php/shop
DEBUG - 2025-09-14 20:35:03 --> Session: Class initialized using 'CodeIgniter\Session\Handlers\FileHandler' driver.
DEBUG - 2025-09-14 20:35:07 --> Session: Class initialized using 'CodeIgniter\Session\Handlers\FileHandler' driver.
DEBUG - 2025-09-14 20:35:17 --> Session: Class initialized using 'CodeIgniter\Session\Handlers\FileHandler' driver.
INFO - 2025-09-14 20:35:17 --> TrafficLog Debug - URL: /index.php/shop/product/PRDKUANG, Title: Shop -  Index.php Shop Product PRDKUANG, Path: /index.php/shop/product/PRDKUANG
DEBUG - 2025-09-14 20:35:41 --> Session: Class initialized using 'CodeIgniter\Session\Handlers\FileHandler' driver.
INFO - 2025-09-14 20:35:41 --> TrafficLog Debug - URL: /index.php/shop/product/PRDK183, Title: Shop -  Index.php Shop Product PRDK183, Path: /index.php/shop/product/PRDK183
DEBUG - 2025-09-14 20:37:28 --> Session: Class initialized using 'CodeIgniter\Session\Handlers\FileHandler' driver.
INFO - 2025-09-14 20:37:28 --> TrafficLog Debug - URL: /index.php/shop/product/PRDK195, Title: Shop -  Index.php Shop Product PRDK195, Path: /index.php/shop/product/PRDK195
DEBUG - 2025-09-14 20:38:21 --> Session: Class initialized using 'CodeIgniter\Session\Handlers\FileHandler' driver.
INFO - 2025-09-14 20:38:21 --> TrafficLog Debug - URL: /index.php/, Title: Index.php, Path: /index.php/
DEBUG - 2025-09-14 20:38:21 --> Session: Class initialized using 'CodeIgniter\Session\Handlers\FileHandler' driver.
DEBUG - 2025-09-14 20:38:58 --> Session: Class initialized using 'CodeIgniter\Session\Handlers\FileHandler' driver.
INFO - 2025-09-14 20:38:58 --> TrafficLog Debug - URL: /index.php/shop/product/PRDK180, Title: Shop -  Index.php Shop Product PRDK180, Path: /index.php/shop/product/PRDK180
DEBUG - 2025-09-14 20:39:06 --> Session: Class initialized using 'CodeIgniter\Session\Handlers\FileHandler' driver.
INFO - 2025-09-14 20:39:06 --> TrafficLog Debug - URL: /index.php/shop/product/PRDKCUST1, Title: Shop -  Index.php Shop Product PRDKCUST1, Path: /index.php/shop/product/PRDKCUST1
DEBUG - 2025-09-14 20:39:10 --> Session: Class initialized using 'CodeIgniter\Session\Handlers\FileHandler' driver.
DEBUG - 2025-09-14 20:39:38 --> Session: Class initialized using 'CodeIgniter\Session\Handlers\FileHandler' driver.
DEBUG - 2025-09-14 20:39:53 --> Session: Class initialized using 'CodeIgniter\Session\Handlers\FileHandler' driver.
DEBUG - 2025-09-14 20:40:40 --> Session: Class initialized using 'CodeIgniter\Session\Handlers\FileHandler' driver.
DEBUG - 2025-09-14 20:40:43 --> Session: Class initialized using 'CodeIgniter\Session\Handlers\FileHandler' driver.
DEBUG - 2025-09-14 20:40:47 --> Session: Class initialized using 'CodeIgniter\Session\Handlers\FileHandler' driver.
DEBUG - 2025-09-14 20:40:50 --> Session: Class initialized using 'CodeIgniter\Session\Handlers\FileHandler' driver.
DEBUG - 2025-09-14 20:40:53 --> Session: Class initialized using 'CodeIgniter\Session\Handlers\FileHandler' driver.
DEBUG - 2025-09-14 20:41:03 --> Session: Class initialized using 'CodeIgniter\Session\Handlers\FileHandler' driver.
DEBUG - 2025-09-14 20:41:06 --> Session: Class initialized using 'CodeIgniter\Session\Handlers\FileHandler' driver.
DEBUG - 2025-09-14 20:41:09 --> Session: Class initialized using 'CodeIgniter\Session\Handlers\FileHandler' driver.
DEBUG - 2025-09-14 20:41:11 --> Session: Class initialized using 'CodeIgniter\Session\Handlers\FileHandler' driver.
INFO - 2025-09-14 20:41:11 --> TrafficLog Debug - URL: /index.php/shop/product/PRDK071, Title: Shop -  Index.php Shop Product PRDK071, Path: /index.php/shop/product/PRDK071
DEBUG - 2025-09-14 20:41:15 --> Session: Class initialized using 'CodeIgniter\Session\Handlers\FileHandler' driver.
DEBUG - 2025-09-14 20:41:18 --> Session: Class initialized using 'CodeIgniter\Session\Handlers\FileHandler' driver.
DEBUG - 2025-09-14 20:41:21 --> Session: Class initialized using 'CodeIgniter\Session\Handlers\FileHandler' driver.
DEBUG - 2025-09-14 20:41:24 --> Session: Class initialized using 'CodeIgniter\Session\Handlers\FileHandler' driver.
DEBUG - 2025-09-14 20:41:27 --> Session: Class initialized using 'CodeIgniter\Session\Handlers\FileHandler' driver.
DEBUG - 2025-09-14 20:41:34 --> Session: Class initialized using 'CodeIgniter\Session\Handlers\FileHandler' driver.
DEBUG - 2025-09-14 20:41:39 --> Session: Class initialized using 'CodeIgniter\Session\Handlers\FileHandler' driver.
DEBUG - 2025-09-14 20:41:43 --> Session: Class initialized using 'CodeIgniter\Session\Handlers\FileHandler' driver.
DEBUG - 2025-09-14 20:41:45 --> Session: Class initialized using 'CodeIgniter\Session\Handlers\FileHandler' driver.
DEBUG - 2025-09-14 20:43:38 --> Session: Class initialized using 'CodeIgniter\Session\Handlers\FileHandler' driver.
DEBUG - 2025-09-14 20:43:38 --> Session: Class initialized using 'CodeIgniter\Session\Handlers\FileHandler' driver.
INFO - 2025-09-14 20:43:38 --> TrafficLog Debug - URL: /index.php, Title: Index.php, Path: /index.php
INFO - 2025-09-14 20:43:38 --> TrafficLog Debug - URL: /index.php/, Title: Index.php, Path: /index.php/
DEBUG - 2025-09-14 20:43:40 --> Session: Class initialized using 'CodeIgniter\Session\Handlers\FileHandler' driver.
DEBUG - 2025-09-14 20:43:41 --> Session: Class initialized using 'CodeIgniter\Session\Handlers\FileHandler' driver.
DEBUG - 2025-09-14 20:44:45 --> Session: Class initialized using 'CodeIgniter\Session\Handlers\FileHandler' driver.
INFO - 2025-09-14 20:44:45 --> TrafficLog Debug - URL: /index.php/shop, Title: Index.php Shop, Path: /index.php/shop
DEBUG - 2025-09-14 20:47:36 --> Session: Class initialized using 'CodeIgniter\Session\Handlers\FileHandler' driver.
INFO - 2025-09-14 20:47:36 --> TrafficLog Debug - URL: /index.php/shop, Title: Index.php Shop, Path: /index.php/shop
DEBUG - 2025-09-14 20:49:44 --> Session: Class initialized using 'CodeIgniter\Session\Handlers\FileHandler' driver.
INFO - 2025-09-14 20:49:44 --> TrafficLog Debug - URL: /index.php/artikel, Title: Index.php Artikel, Path: /index.php/artikel
DEBUG - 2025-09-14 20:49:49 --> Session: Class initialized using 'CodeIgniter\Session\Handlers\FileHandler' driver.
DEBUG - 2025-09-14 20:49:56 --> Session: Class initialized using 'CodeIgniter\Session\Handlers\FileHandler' driver.
DEBUG - 2025-09-14 20:49:59 --> Session: Class initialized using 'CodeIgniter\Session\Handlers\FileHandler' driver.
DEBUG - 2025-09-14 20:50:06 --> Session: Class initialized using 'CodeIgniter\Session\Handlers\FileHandler' driver.
DEBUG - 2025-09-14 20:50:10 --> Session: Class initialized using 'CodeIgniter\Session\Handlers\FileHandler' driver.
DEBUG - 2025-09-14 20:50:12 --> Session: Class initialized using 'CodeIgniter\Session\Handlers\FileHandler' driver.
DEBUG - 2025-09-14 20:50:16 --> Session: Class initialized using 'CodeIgniter\Session\Handlers\FileHandler' driver.
DEBUG - 2025-09-14 20:50:19 --> Session: Class initialized using 'CodeIgniter\Session\Handlers\FileHandler' driver.
DEBUG - 2025-09-14 20:50:26 --> Session: Class initialized using 'CodeIgniter\Session\Handlers\FileHandler' driver.
DEBUG - 2025-09-14 20:50:39 --> Session: Class initialized using 'CodeIgniter\Session\Handlers\FileHandler' driver.
DEBUG - 2025-09-14 20:50:48 --> Session: Class initialized using 'CodeIgniter\Session\Handlers\FileHandler' driver.
DEBUG - 2025-09-14 20:50:52 --> Session: Class initialized using 'CodeIgniter\Session\Handlers\FileHandler' driver.
DEBUG - 2025-09-14 20:50:56 --> Session: Class initialized using 'CodeIgniter\Session\Handlers\FileHandler' driver.
DEBUG - 2025-09-14 20:50:59 --> Session: Class initialized using 'CodeIgniter\Session\Handlers\FileHandler' driver.
DEBUG - 2025-09-14 20:51:17 --> Session: Class initialized using 'CodeIgniter\Session\Handlers\FileHandler' driver.
DEBUG - 2025-09-14 20:51:21 --> Session: Class initialized using 'CodeIgniter\Session\Handlers\FileHandler' driver.
DEBUG - 2025-09-14 20:51:24 --> Session: Class initialized using 'CodeIgniter\Session\Handlers\FileHandler' driver.
DEBUG - 2025-09-14 20:53:00 --> Session: Class initialized using 'CodeIgniter\Session\Handlers\FileHandler' driver.
INFO - 2025-09-14 20:53:00 --> TrafficLog Debug - URL: /index.php/shop/product/PRDK143, Title: Shop -  Index.php Shop Product PRDK143, Path: /index.php/shop/product/PRDK143
DEBUG - 2025-09-14 20:57:39 --> Session: Class initialized using 'CodeIgniter\Session\Handlers\FileHandler' driver.
INFO - 2025-09-14 20:57:39 --> TrafficLog Debug - URL: /index.php/shop/product/PRDK036, Title: Shop -  Index.php Shop Product PRDK036, Path: /index.php/shop/product/PRDK036
DEBUG - 2025-09-14 21:05:29 --> Session: Class initialized using 'CodeIgniter\Session\Handlers\FileHandler' driver.
INFO - 2025-09-14 21:05:29 --> TrafficLog Debug - URL: /index.php/shop/product/PRDK068, Title: Shop -  Index.php Shop Product PRDK068, Path: /index.php/shop/product/PRDK068
DEBUG - 2025-09-14 21:07:53 --> Session: Class initialized using 'CodeIgniter\Session\Handlers\FileHandler' driver.
INFO - 2025-09-14 21:07:53 --> TrafficLog Debug - URL: /index.php/shop, Title: Index.php Shop, Path: /index.php/shop
DEBUG - 2025-09-14 21:09:37 --> Session: Class initialized using 'CodeIgniter\Session\Handlers\FileHandler' driver.
INFO - 2025-09-14 21:09:37 --> TrafficLog Debug - URL: /index.php/artikel/cerita-unik-di-balik-bunga-yang-terkenal, Title: Index.php Artikel Cerita Unik Di Balik Bunga Yang Terkenal, Path: /index.php/artikel/cerita-unik-di-balik-bunga-yang-terkenal
DEBUG - 2025-09-14 21:12:52 --> Session: Class initialized using 'CodeIgniter\Session\Handlers\FileHandler' driver.
INFO - 2025-09-14 21:12:52 --> TrafficLog Debug - URL: /index.php/shop/product/PRDK071, Title: Shop -  Index.php Shop Product PRDK071, Path: /index.php/shop/product/PRDK071
DEBUG - 2025-09-14 21:19:36 --> Session: Class initialized using 'CodeIgniter\Session\Handlers\FileHandler' driver.
INFO - 2025-09-14 21:19:36 --> TrafficLog Debug - URL: /index.php/shop/product/PRDK159, Title: Shop -  Index.php Shop Product PRDK159, Path: /index.php/shop/product/PRDK159
DEBUG - 2025-09-14 21:21:58 --> Session: Class initialized using 'CodeIgniter\Session\Handlers\FileHandler' driver.
INFO - 2025-09-14 21:21:58 --> TrafficLog Debug - URL: /index.php/, Title: Index.php, Path: /index.php/
DEBUG - 2025-09-14 21:25:59 --> Session: Class initialized using 'CodeIgniter\Session\Handlers\FileHandler' driver.
INFO - 2025-09-14 21:25:59 --> TrafficLog Debug - URL: /index.php/shop/product/PRDK035, Title: Shop -  Index.php Shop Product PRDK035, Path: /index.php/shop/product/PRDK035
DEBUG - 2025-09-14 21:29:56 --> Session: Class initialized using 'CodeIgniter\Session\Handlers\FileHandler' driver.
INFO - 2025-09-14 21:29:56 --> TrafficLog Debug - URL: /index.php/shop/product/PRDK127, Title: Shop -  Index.php Shop Product PRDK127, Path: /index.php/shop/product/PRDK127
DEBUG - 2025-09-14 21:32:53 --> Session: Class initialized using 'CodeIgniter\Session\Handlers\FileHandler' driver.
INFO - 2025-09-14 21:32:53 --> TrafficLog Debug - URL: /index.php/shop/product/PRDK034, Title: Shop -  Index.php Shop Product PRDK034, Path: /index.php/shop/product/PRDK034
DEBUG - 2025-09-14 21:33:57 --> Session: Class initialized using 'CodeIgniter\Session\Handlers\FileHandler' driver.
INFO - 2025-09-14 21:33:57 --> TrafficLog Debug - URL: /index.php/, Title: Index.php, Path: /index.php/
DEBUG - 2025-09-14 21:35:37 --> Session: Class initialized using 'CodeIgniter\Session\Handlers\FileHandler' driver.
INFO - 2025-09-14 21:35:37 --> TrafficLog Debug - URL: /index.php/shop/product/PRDK143, Title: Shop -  Index.php Shop Product PRDK143, Path: /index.php/shop/product/PRDK143
DEBUG - 2025-09-14 21:37:41 --> Session: Class initialized using 'CodeIgniter\Session\Handlers\FileHandler' driver.
INFO - 2025-09-14 21:37:42 --> TrafficLog Debug - URL: /index.php/shop/product/PRDK101, Title: Shop -  Index.php Shop Product PRDK101, Path: /index.php/shop/product/PRDK101
DEBUG - 2025-09-14 21:39:24 --> Session: Class initialized using 'CodeIgniter\Session\Handlers\FileHandler' driver.
DEBUG - 2025-09-14 21:39:39 --> Session: Class initialized using 'CodeIgniter\Session\Handlers\FileHandler' driver.
INFO - 2025-09-14 21:39:39 --> TrafficLog Debug - URL: /index.php/shop/product/PRDK085, Title: Shop -  Index.php Shop Product PRDK085, Path: /index.php/shop/product/PRDK085
DEBUG - 2025-09-14 21:39:43 --> Session: Class initialized using 'CodeIgniter\Session\Handlers\FileHandler' driver.
INFO - 2025-09-14 21:39:43 --> TrafficLog Debug - URL: /index.php/artikel/cerita-unik-di-balik-bunga-yang-terkenal, Title: Index.php Artikel Cerita Unik Di Balik Bunga Yang Terkenal, Path: /index.php/artikel/cerita-unik-di-balik-bunga-yang-terkenal
DEBUG - 2025-09-14 21:39:49 --> Session: Class initialized using 'CodeIgniter\Session\Handlers\FileHandler' driver.
INFO - 2025-09-14 21:39:49 --> TrafficLog Debug - URL: /index.php/shop/product/PRDK036, Title: Shop -  Index.php Shop Product PRDK036, Path: /index.php/shop/product/PRDK036
DEBUG - 2025-09-14 21:40:57 --> Session: Class initialized using 'CodeIgniter\Session\Handlers\FileHandler' driver.
INFO - 2025-09-14 21:40:57 --> TrafficLog Debug - URL: /index.php/shop, Title: Index.php Shop, Path: /index.php/shop
DEBUG - 2025-09-14 21:41:14 --> Session: Class initialized using 'CodeIgniter\Session\Handlers\FileHandler' driver.
DEBUG - 2025-09-14 21:41:55 --> Session: Class initialized using 'CodeIgniter\Session\Handlers\FileHandler' driver.
INFO - 2025-09-14 21:41:55 --> TrafficLog Debug - URL: /index.php/shop/product/PRDK194, Title: Shop -  Index.php Shop Product PRDK194, Path: /index.php/shop/product/PRDK194
DEBUG - 2025-09-14 21:45:01 --> Session: Class initialized using 'CodeIgniter\Session\Handlers\FileHandler' driver.
INFO - 2025-09-14 21:45:01 --> TrafficLog Debug - URL: /index.php/shop, Title: Index.php Shop, Path: /index.php/shop
DEBUG - 2025-09-14 21:45:02 --> Session: Class initialized using 'CodeIgniter\Session\Handlers\FileHandler' driver.
DEBUG - 2025-09-14 21:46:15 --> Session: Class initialized using 'CodeIgniter\Session\Handlers\FileHandler' driver.
INFO - 2025-09-14 21:46:15 --> TrafficLog Debug - URL: /index.php/shop/product/PRDK150, Title: Shop -  Index.php Shop Product PRDK150, Path: /index.php/shop/product/PRDK150
DEBUG - 2025-09-14 21:47:42 --> Session: Class initialized using 'CodeIgniter\Session\Handlers\FileHandler' driver.
INFO - 2025-09-14 21:47:42 --> TrafficLog Debug - URL: /index.php/shop, Title: Index.php Shop, Path: /index.php/shop
DEBUG - 2025-09-14 21:52:31 --> Session: Class initialized using 'CodeIgniter\Session\Handlers\FileHandler' driver.
INFO - 2025-09-14 21:52:31 --> TrafficLog Debug - URL: /index.php/shop, Title: Index.php Shop, Path: /index.php/shop
DEBUG - 2025-09-14 21:52:31 --> Session: Class initialized using 'CodeIgniter\Session\Handlers\FileHandler' driver.
DEBUG - 2025-09-14 21:52:39 --> Session: Class initialized using 'CodeIgniter\Session\Handlers\FileHandler' driver.
INFO - 2025-09-14 21:52:39 --> TrafficLog Debug - URL: /index.php/shop/product/PRDK150, Title: Shop -  Index.php Shop Product PRDK150, Path: /index.php/shop/product/PRDK150
DEBUG - 2025-09-14 21:52:39 --> Session: Class initialized using 'CodeIgniter\Session\Handlers\FileHandler' driver.
INFO - 2025-09-14 21:52:39 --> TrafficLog Debug - URL: /index.php/shop, Title: Index.php Shop, Path: /index.php/shop
DEBUG - 2025-09-14 21:55:46 --> Session: Class initialized using 'CodeIgniter\Session\Handlers\FileHandler' driver.
INFO - 2025-09-14 21:55:46 --> TrafficLog Debug - URL: /index.php/shop/product/PRDK093, Title: Shop -  Index.php Shop Product PRDK093, Path: /index.php/shop/product/PRDK093
DEBUG - 2025-09-14 21:59:01 --> Session: Class initialized using 'CodeIgniter\Session\Handlers\FileHandler' driver.
INFO - 2025-09-14 21:59:01 --> TrafficLog Debug - URL: /index.php/shop/product/PRDK144, Title: Shop -  Index.php Shop Product PRDK144, Path: /index.php/shop/product/PRDK144
DEBUG - 2025-09-14 22:00:32 --> Session: Class initialized using 'CodeIgniter\Session\Handlers\FileHandler' driver.
INFO - 2025-09-14 22:00:32 --> TrafficLog Debug - URL: /index.php/shop/product/PRDK071, Title: Shop -  Index.php Shop Product PRDK071, Path: /index.php/shop/product/PRDK071
CRITICAL - 2025-09-14 22:01:59 --> CodeIgniter\HTTP\Exceptions\BadRequestException: The URI you submitted has disallowed characters: "ref=acr_dp_hist_4"
[Method: GET, Route: product-reviews/B0DG4WZZPV/ref=acr_dp_hist_4]
in SYSTEMPATH/Router/Router.php on line 741.
 1 SYSTEMPATH/Router/Router.php(207): CodeIgniter\Router\Router->checkDisallowedChars()
 2 SYSTEMPATH/CodeIgniter.php(832): CodeIgniter\Router\Router->handle()
 3 SYSTEMPATH/CodeIgniter.php(455): CodeIgniter\CodeIgniter->tryToRouteIt()
 4 SYSTEMPATH/CodeIgniter.php(354): CodeIgniter\CodeIgniter->handleRequest()
 5 SYSTEMPATH/Boot.php(334): CodeIgniter\CodeIgniter->run()
 6 SYSTEMPATH/Boot.php(67): CodeIgniter\Boot::runCodeIgniter()
 7 FCPATH/index.php(59): CodeIgniter\Boot::bootWeb()
DEBUG - 2025-09-14 22:05:54 --> Session: Class initialized using 'CodeIgniter\Session\Handlers\FileHandler' driver.
INFO - 2025-09-14 22:05:54 --> TrafficLog Debug - URL: /index.php/shop/product/PRDK001, Title: Shop -  Index.php Shop Product PRDK001, Path: /index.php/shop/product/PRDK001
DEBUG - 2025-09-14 22:08:17 --> Session: Class initialized using 'CodeIgniter\Session\Handlers\FileHandler' driver.
INFO - 2025-09-14 22:08:17 --> TrafficLog Debug - URL: /index.php/shop/product/PRDK092, Title: Shop -  Index.php Shop Product PRDK092, Path: /index.php/shop/product/PRDK092
DEBUG - 2025-09-14 22:11:51 --> Session: Class initialized using 'CodeIgniter\Session\Handlers\FileHandler' driver.
INFO - 2025-09-14 22:11:51 --> TrafficLog Debug - URL: /index.php/shop/product/PRDK019, Title: Shop -  Index.php Shop Product PRDK019, Path: /index.php/shop/product/PRDK019
DEBUG - 2025-09-14 22:12:11 --> Session: Class initialized using 'CodeIgniter\Session\Handlers\FileHandler' driver.
INFO - 2025-09-14 22:12:11 --> TrafficLog Debug - URL: /index.php/shop, Title: Index.php Shop, Path: /index.php/shop
DEBUG - 2025-09-14 22:14:15 --> Session: Class initialized using 'CodeIgniter\Session\Handlers\FileHandler' driver.
INFO - 2025-09-14 22:14:15 --> TrafficLog Debug - URL: /index.php/, Title: Index.php, Path: /index.php/
DEBUG - 2025-09-14 22:15:04 --> Session: Class initialized using 'CodeIgniter\Session\Handlers\FileHandler' driver.
INFO - 2025-09-14 22:15:04 --> TrafficLog Debug - URL: /index.php/shop, Title: Index.php Shop, Path: /index.php/shop
DEBUG - 2025-09-14 22:17:56 --> Session: Class initialized using 'CodeIgniter\Session\Handlers\FileHandler' driver.
INFO - 2025-09-14 22:17:57 --> TrafficLog Debug - URL: /index.php/shop/product/PRDK166, Title: Shop -  Index.php Shop Product PRDK166, Path: /index.php/shop/product/PRDK166
DEBUG - 2025-09-14 22:19:12 --> Session: Class initialized using 'CodeIgniter\Session\Handlers\FileHandler' driver.
INFO - 2025-09-14 22:19:12 --> TrafficLog Debug - URL: /index.php/, Title: Index.php, Path: /index.php/
DEBUG - 2025-09-14 22:19:32 --> Session: Class initialized using 'CodeIgniter\Session\Handlers\FileHandler' driver.
INFO - 2025-09-14 22:19:32 --> TrafficLog Debug - URL: /index.php/artikel, Title: Index.php Artikel, Path: /index.php/artikel
DEBUG - 2025-09-14 22:21:14 --> Session: Class initialized using 'CodeIgniter\Session\Handlers\FileHandler' driver.
INFO - 2025-09-14 22:21:14 --> TrafficLog Debug - URL: /index.php/shop/product/PRDK021, Title: Shop -  Index.php Shop Product PRDK021, Path: /index.php/shop/product/PRDK021
DEBUG - 2025-09-14 22:23:39 --> Session: Class initialized using 'CodeIgniter\Session\Handlers\FileHandler' driver.
INFO - 2025-09-14 22:23:39 --> TrafficLog Debug - URL: /index.php/shop/product/PRDK158, Title: Shop -  Index.php Shop Product PRDK158, Path: /index.php/shop/product/PRDK158
DEBUG - 2025-09-14 22:24:44 --> Session: Class initialized using 'CodeIgniter\Session\Handlers\FileHandler' driver.
INFO - 2025-09-14 22:24:44 --> TrafficLog Debug - URL: /index.php/shop/product/PRDK113, Title: Shop -  Index.php Shop Product PRDK113, Path: /index.php/shop/product/PRDK113
DEBUG - 2025-09-14 22:27:55 --> Session: Class initialized using 'CodeIgniter\Session\Handlers\FileHandler' driver.
INFO - 2025-09-14 22:27:55 --> TrafficLog Debug - URL: /index.php/shop, Title: Index.php Shop, Path: /index.php/shop
DEBUG - 2025-09-14 22:28:03 --> Session: Class initialized using 'CodeIgniter\Session\Handlers\FileHandler' driver.
INFO - 2025-09-14 22:28:03 --> TrafficLog Debug - URL: /index.php/shop/product/PRDK105, Title: Shop -  Index.php Shop Product PRDK105, Path: /index.php/shop/product/PRDK105
DEBUG - 2025-09-14 22:31:29 --> Session: Class initialized using 'CodeIgniter\Session\Handlers\FileHandler' driver.
INFO - 2025-09-14 22:31:29 --> TrafficLog Debug - URL: /index.php/shop/product/PRDK103, Title: Shop -  Index.php Shop Product PRDK103, Path: /index.php/shop/product/PRDK103
DEBUG - 2025-09-14 22:31:38 --> Session: Class initialized using 'CodeIgniter\Session\Handlers\FileHandler' driver.
INFO - 2025-09-14 22:31:38 --> TrafficLog Debug - URL: /index.php/shop, Title: Index.php Shop, Path: /index.php/shop
DEBUG - 2025-09-14 22:33:34 --> Session: Class initialized using 'CodeIgniter\Session\Handlers\FileHandler' driver.
INFO - 2025-09-14 22:33:34 --> TrafficLog Debug - URL: /index.php/shop, Title: Index.php Shop, Path: /index.php/shop
DEBUG - 2025-09-14 22:35:04 --> Session: Class initialized using 'CodeIgniter\Session\Handlers\FileHandler' driver.
INFO - 2025-09-14 22:35:04 --> TrafficLog Debug - URL: /index.php/shop/product/PRDK062, Title: Shop -  Index.php Shop Product PRDK062, Path: /index.php/shop/product/PRDK062
DEBUG - 2025-09-14 22:35:11 --> Session: Class initialized using 'CodeIgniter\Session\Handlers\FileHandler' driver.
INFO - 2025-09-14 22:35:11 --> TrafficLog Debug - URL: /index.php/shop, Title: Index.php Shop, Path: /index.php/shop
DEBUG - 2025-09-14 22:37:51 --> Session: Class initialized using 'CodeIgniter\Session\Handlers\FileHandler' driver.
INFO - 2025-09-14 22:37:51 --> TrafficLog Debug - URL: /index.php/shop/product/PRDK102, Title: Shop -  Index.php Shop Product PRDK102, Path: /index.php/shop/product/PRDK102
DEBUG - 2025-09-14 22:38:18 --> Session: Class initialized using 'CodeIgniter\Session\Handlers\FileHandler' driver.
INFO - 2025-09-14 22:38:18 --> TrafficLog Debug - URL: /index.php/shop/product/PRDK157, Title: Shop -  Index.php Shop Product PRDK157, Path: /index.php/shop/product/PRDK157
DEBUG - 2025-09-14 22:39:38 --> Session: Class initialized using 'CodeIgniter\Session\Handlers\FileHandler' driver.
INFO - 2025-09-14 22:39:38 --> TrafficLog Debug - URL: /index.php/shop/product/PRDK082, Title: Shop -  Index.php Shop Product PRDK082, Path: /index.php/shop/product/PRDK082
DEBUG - 2025-09-14 22:41:12 --> Session: Class initialized using 'CodeIgniter\Session\Handlers\FileHandler' driver.
INFO - 2025-09-14 22:41:12 --> TrafficLog Debug - URL: /index.php/, Title: Index.php, Path: /index.php/
DEBUG - 2025-09-14 22:41:17 --> Session: Class initialized using 'CodeIgniter\Session\Handlers\FileHandler' driver.
INFO - 2025-09-14 22:41:17 --> TrafficLog Debug - URL: /index.php, Title: Index.php, Path: /index.php
DEBUG - 2025-09-14 22:41:25 --> Session: Class initialized using 'CodeIgniter\Session\Handlers\FileHandler' driver.
INFO - 2025-09-14 22:41:25 --> TrafficLog Debug - URL: /index.php/shop/product/PRDK161, Title: Shop -  Index.php Shop Product PRDK161, Path: /index.php/shop/product/PRDK161
DEBUG - 2025-09-14 22:43:16 --> Session: Class initialized using 'CodeIgniter\Session\Handlers\FileHandler' driver.
INFO - 2025-09-14 22:43:16 --> TrafficLog Debug - URL: /index.php/shop/product/PRDK162, Title: Shop -  Index.php Shop Product PRDK162, Path: /index.php/shop/product/PRDK162
DEBUG - 2025-09-14 22:45:00 --> Session: Class initialized using 'CodeIgniter\Session\Handlers\FileHandler' driver.
INFO - 2025-09-14 22:45:00 --> TrafficLog Debug - URL: /index.php/shop/product/PRDK023, Title: Shop -  Index.php Shop Product PRDK023, Path: /index.php/shop/product/PRDK023
DEBUG - 2025-09-14 22:45:41 --> Session: Class initialized using 'CodeIgniter\Session\Handlers\FileHandler' driver.
DEBUG - 2025-09-14 22:45:41 --> Session: Class initialized using 'CodeIgniter\Session\Handlers\FileHandler' driver.
INFO - 2025-09-14 22:45:41 --> TrafficLog Debug - URL: /index.php/shop, Title: Index.php Shop, Path: /index.php/shop
INFO - 2025-09-14 22:45:41 --> TrafficLog Debug - URL: /index.php, Title: Index.php, Path: /index.php
DEBUG - 2025-09-14 22:45:43 --> Session: Class initialized using 'CodeIgniter\Session\Handlers\FileHandler' driver.
DEBUG - 2025-09-14 22:46:32 --> Session: Class initialized using 'CodeIgniter\Session\Handlers\FileHandler' driver.
DEBUG - 2025-09-14 22:46:32 --> Session: Class initialized using 'CodeIgniter\Session\Handlers\FileHandler' driver.
DEBUG - 2025-09-14 22:46:38 --> Session: Class initialized using 'CodeIgniter\Session\Handlers\FileHandler' driver.
DEBUG - 2025-09-14 22:46:38 --> Session: Class initialized using 'CodeIgniter\Session\Handlers\FileHandler' driver.
DEBUG - 2025-09-14 22:46:56 --> Session: Class initialized using 'CodeIgniter\Session\Handlers\FileHandler' driver.
DEBUG - 2025-09-14 22:46:56 --> Session: Class initialized using 'CodeIgniter\Session\Handlers\FileHandler' driver.
DEBUG - 2025-09-14 22:47:22 --> Session: Class initialized using 'CodeIgniter\Session\Handlers\FileHandler' driver.
INFO - 2025-09-14 22:47:22 --> TrafficLog Debug - URL: /index.php/, Title: Index.php, Path: /index.php/
DEBUG - 2025-09-14 22:48:57 --> Session: Class initialized using 'CodeIgniter\Session\Handlers\FileHandler' driver.
DEBUG - 2025-09-14 22:48:57 --> Session: Class initialized using 'CodeIgniter\Session\Handlers\FileHandler' driver.
DEBUG - 2025-09-14 22:49:21 --> Session: Class initialized using 'CodeIgniter\Session\Handlers\FileHandler' driver.
DEBUG - 2025-09-14 22:49:21 --> Session: Class initialized using 'CodeIgniter\Session\Handlers\FileHandler' driver.
DEBUG - 2025-09-14 22:50:23 --> Session: Class initialized using 'CodeIgniter\Session\Handlers\FileHandler' driver.
DEBUG - 2025-09-14 22:51:34 --> Session: Class initialized using 'CodeIgniter\Session\Handlers\FileHandler' driver.
INFO - 2025-09-14 22:51:34 --> TrafficLog Debug - URL: /index.php/shop/product/PRDK184, Title: Shop -  Index.php Shop Product PRDK184, Path: /index.php/shop/product/PRDK184
DEBUG - 2025-09-14 22:55:05 --> Session: Class initialized using 'CodeIgniter\Session\Handlers\FileHandler' driver.
INFO - 2025-09-14 22:55:05 --> TrafficLog Debug - URL: /index.php/shop/product/PRDK143, Title: Shop -  Index.php Shop Product PRDK143, Path: /index.php/shop/product/PRDK143
DEBUG - 2025-09-14 22:58:49 --> Session: Class initialized using 'CodeIgniter\Session\Handlers\FileHandler' driver.
INFO - 2025-09-14 22:58:49 --> TrafficLog Debug - URL: /index.php/shop/product/PRDK142, Title: Shop -  Index.php Shop Product PRDK142, Path: /index.php/shop/product/PRDK142
DEBUG - 2025-09-14 23:02:20 --> Session: Class initialized using 'CodeIgniter\Session\Handlers\FileHandler' driver.
INFO - 2025-09-14 23:02:20 --> TrafficLog Debug - URL: /index.php/shop/product/PRDK080, Title: Shop -  Index.php Shop Product PRDK080, Path: /index.php/shop/product/PRDK080
DEBUG - 2025-09-14 23:04:20 --> Session: Class initialized using 'CodeIgniter\Session\Handlers\FileHandler' driver.
INFO - 2025-09-14 23:04:20 --> TrafficLog Debug - URL: /index.php/, Title: Index.php, Path: /index.php/
DEBUG - 2025-09-14 23:06:04 --> Session: Class initialized using 'CodeIgniter\Session\Handlers\FileHandler' driver.
INFO - 2025-09-14 23:06:04 --> TrafficLog Debug - URL: /index.php/shop, Title: Index.php Shop, Path: /index.php/shop
DEBUG - 2025-09-14 23:09:41 --> Session: Class initialized using 'CodeIgniter\Session\Handlers\FileHandler' driver.
INFO - 2025-09-14 23:09:41 --> TrafficLog Debug - URL: /index.php/shop/product/PRDK116, Title: Shop -  Index.php Shop Product PRDK116, Path: /index.php/shop/product/PRDK116
DEBUG - 2025-09-14 23:10:33 --> Session: Class initialized using 'CodeIgniter\Session\Handlers\FileHandler' driver.
INFO - 2025-09-14 23:10:33 --> TrafficLog Debug - URL: /index.php/, Title: Index.php, Path: /index.php/
DEBUG - 2025-09-14 23:13:18 --> Session: Class initialized using 'CodeIgniter\Session\Handlers\FileHandler' driver.
INFO - 2025-09-14 23:13:18 --> TrafficLog Debug - URL: /index.php/shop, Title: Index.php Shop, Path: /index.php/shop
DEBUG - 2025-09-14 23:14:35 --> Session: Class initialized using 'CodeIgniter\Session\Handlers\FileHandler' driver.
INFO - 2025-09-14 23:14:35 --> TrafficLog Debug - URL: /index.php/shop, Title: Index.php Shop, Path: /index.php/shop
DEBUG - 2025-09-14 23:16:28 --> Session: Class initialized using 'CodeIgniter\Session\Handlers\FileHandler' driver.
INFO - 2025-09-14 23:16:28 --> TrafficLog Debug - URL: /index.php/shop/product/PRDK183, Title: Shop -  Index.php Shop Product PRDK183, Path: /index.php/shop/product/PRDK183
DEBUG - 2025-09-14 23:19:41 --> Session: Class initialized using 'CodeIgniter\Session\Handlers\FileHandler' driver.
INFO - 2025-09-14 23:19:41 --> TrafficLog Debug - URL: /index.php/shop/product/PRDK039, Title: Shop -  Index.php Shop Product PRDK039, Path: /index.php/shop/product/PRDK039
DEBUG - 2025-09-14 23:22:53 --> Session: Class initialized using 'CodeIgniter\Session\Handlers\FileHandler' driver.
INFO - 2025-09-14 23:22:53 --> TrafficLog Debug - URL: /index.php/shop/product/PRDK038, Title: Shop -  Index.php Shop Product PRDK038, Path: /index.php/shop/product/PRDK038
DEBUG - 2025-09-14 23:26:06 --> Session: Class initialized using 'CodeIgniter\Session\Handlers\FileHandler' driver.
INFO - 2025-09-14 23:26:06 --> TrafficLog Debug - URL: /index.php/shop/product/PRDK012, Title: Shop -  Index.php Shop Product PRDK012, Path: /index.php/shop/product/PRDK012
DEBUG - 2025-09-14 23:26:13 --> Session: Class initialized using 'CodeIgniter\Session\Handlers\FileHandler' driver.
INFO - 2025-09-14 23:26:13 --> TrafficLog Debug - URL: /index.php/, Title: Index.php, Path: /index.php/
DEBUG - 2025-09-14 23:29:19 --> Session: Class initialized using 'CodeIgniter\Session\Handlers\FileHandler' driver.
INFO - 2025-09-14 23:29:19 --> TrafficLog Debug - URL: /index.php/shop/product/PRDK056, Title: Shop -  Index.php Shop Product PRDK056, Path: /index.php/shop/product/PRDK056
DEBUG - 2025-09-14 23:29:20 --> Session: Class initialized using 'CodeIgniter\Session\Handlers\FileHandler' driver.
INFO - 2025-09-14 23:29:20 --> TrafficLog Debug - URL: /index.php/shop/product/PRDK180, Title: Shop -  Index.php Shop Product PRDK180, Path: /index.php/shop/product/PRDK180
DEBUG - 2025-09-14 23:32:16 --> Session: Class initialized using 'CodeIgniter\Session\Handlers\FileHandler' driver.
INFO - 2025-09-14 23:32:16 --> TrafficLog Debug - URL: /index.php/, Title: Index.php, Path: /index.php/
DEBUG - 2025-09-14 23:32:44 --> Session: Class initialized using 'CodeIgniter\Session\Handlers\FileHandler' driver.
INFO - 2025-09-14 23:32:44 --> TrafficLog Debug - URL: /index.php/shop/product/PRDK042, Title: Shop -  Index.php Shop Product PRDK042, Path: /index.php/shop/product/PRDK042
DEBUG - 2025-09-14 23:35:45 --> Session: Class initialized using 'CodeIgniter\Session\Handlers\FileHandler' driver.
INFO - 2025-09-14 23:35:45 --> TrafficLog Debug - URL: /index.php/shop/product/PRDK182, Title: Shop -  Index.php Shop Product PRDK182, Path: /index.php/shop/product/PRDK182
DEBUG - 2025-09-14 23:38:53 --> Session: Class initialized using 'CodeIgniter\Session\Handlers\FileHandler' driver.
INFO - 2025-09-14 23:38:53 --> TrafficLog Debug - URL: /index.php/shop, Title: Index.php Shop, Path: /index.php/shop
DEBUG - 2025-09-14 23:42:22 --> Session: Class initialized using 'CodeIgniter\Session\Handlers\FileHandler' driver.
INFO - 2025-09-14 23:42:22 --> TrafficLog Debug - URL: /index.php/artikel/cerita-unik-di-balik-bunga-yang-terkenal, Title: Index.php Artikel Cerita Unik Di Balik Bunga Yang Terkenal, Path: /index.php/artikel/cerita-unik-di-balik-bunga-yang-terkenal
DEBUG - 2025-09-14 23:45:36 --> Session: Class initialized using 'CodeIgniter\Session\Handlers\FileHandler' driver.
INFO - 2025-09-14 23:45:36 --> TrafficLog Debug - URL: /index.php/shop/product/PRDK145, Title: Shop -  Index.php Shop Product PRDK145, Path: /index.php/shop/product/PRDK145
DEBUG - 2025-09-14 23:46:51 --> Session: Class initialized using 'CodeIgniter\Session\Handlers\FileHandler' driver.
INFO - 2025-09-14 23:46:51 --> TrafficLog Debug - URL: /index.php/, Title: Index.php, Path: /index.php/
DEBUG - 2025-09-14 23:49:02 --> Session: Class initialized using 'CodeIgniter\Session\Handlers\FileHandler' driver.
INFO - 2025-09-14 23:49:02 --> TrafficLog Debug - URL: /index.php/shop, Title: Index.php Shop, Path: /index.php/shop
DEBUG - 2025-09-14 23:52:14 --> Session: Class initialized using 'CodeIgniter\Session\Handlers\FileHandler' driver.
INFO - 2025-09-14 23:52:14 --> TrafficLog Debug - URL: /index.php/, Title: Index.php, Path: /index.php/
DEBUG - 2025-09-14 23:52:24 --> Session: Class initialized using 'CodeIgniter\Session\Handlers\FileHandler' driver.
INFO - 2025-09-14 23:52:24 --> TrafficLog Debug - URL: /index.php/shop/product/PRDK046, Title: Shop -  Index.php Shop Product PRDK046, Path: /index.php/shop/product/PRDK046
DEBUG - 2025-09-14 23:55:23 --> Session: Class initialized using 'CodeIgniter\Session\Handlers\FileHandler' driver.
INFO - 2025-09-14 23:55:23 --> TrafficLog Debug - URL: /index.php/shop/product/PRDK115, Title: Shop -  Index.php Shop Product PRDK115, Path: /index.php/shop/product/PRDK115
DEBUG - 2025-09-14 23:56:21 --> Session: Class initialized using 'CodeIgniter\Session\Handlers\FileHandler' driver.
INFO - 2025-09-14 23:56:21 --> TrafficLog Debug - URL: /index.php/, Title: Index.php, Path: /index.php/
DEBUG - 2025-09-14 23:58:16 --> Session: Class initialized using 'CodeIgniter\Session\Handlers\FileHandler' driver.
INFO - 2025-09-14 23:58:16 --> TrafficLog Debug - URL: /index.php/shop/product/PRDK094, Title: Shop -  Index.php Shop Product PRDK094, Path: /index.php/shop/product/PRDK094
